"campaignid","sample","family","genus","species","length","fb.length_max","fb.ltypemaxm","percent.error"
"2014-10_Ningaloo.shallow.sanctuaries_stereoBRUVs","NCB345","Pomacentridae","Pomacentrus","coelestis",381.91463,90,"TL",324.349588888889
"2014-10_Ningaloo.shallow.sanctuaries_stereoBRUVs","NCB341","Chaetodontidae","Chaetodon","auriga",904.89853,230,"TL",293.434143478261
"2014-10_Ningaloo.shallow.sanctuaries_stereoBRUVs","NCB331","Pomacentridae","Chromis","margaritifer",250.8764,90,"TL",178.751555555556
"2014-10_Ningaloo.shallow.sanctuaries_stereoBRUVs","NCB277","Caesionidae","Pterocaesio","digramma",768.30781,300,"TL",156.102603333333
"2014-05_Exmouth.to.Dampier.shallow_stereoBRUVs","NCB175","Apogonidae","Ostorhinchus","monospilus",190.31823,78,"SL",143.997730769231
"2015-01_Montebello.transect_stereoBRUVs","NCB623","Pseudochromidae","Pseudochromis","fuscus",241.72779,100,"TL",141.72779
"2014-10_Ningaloo.shallow.sanctuaries_stereoBRUVs","NCB364","Caesionidae","Pterocaesio","digramma",676.79986,300,"TL",125.599953333333
"2014-05_Exmouth.to.Dampier.shallow_stereoBRUVs","NCB228","Labridae","Halichoeres","nebulosus",270.35702,120,"TL",125.297516666667
"2014-05_Exmouth.to.Dampier.shallow_stereoBRUVs","NCB98","Labridae","Halichoeres","nebulosus",263.08309,120,"TL",119.235908333333
"2014-05_Exmouth.to.Dampier.shallow_stereoBRUVs","NCB175","Apogonidae","Ostorhinchus","monospilus",163.8856,78,"SL",110.109743589744
"2014-10_Ningaloo.shallow.sanctuaries_stereoBRUVs","NCB339","Labridae","Anampses","melanurus",246.20921,120,"TL",105.174341666667
"2014-05_Exmouth.to.Dampier.shallow_stereoBRUVs","NCB177","Labridae","Halichoeres","nebulosus",234.73715,120,"TL",95.6142916666667
"2014-10_Montebello.sanctuaries_stereoBRUVs","NCB557","Labridae","Anampses","melanurus",234.36963,120,"TL",95.308025
"2014-10_Ningaloo.shallow.sanctuaries_stereoBRUVs","NCB373","Siganidae","Siganus","argenteus",779.51166,400,"TL",94.877915
"2014-10_Ningaloo.shallow.sanctuaries_stereoBRUVs","NCB311","Chaetodontidae","Chaetodon","lunula",386.95707,200,"TL",93.478535
"2014-10_Ningaloo.shallow.sanctuaries_stereoBRUVs","NCB310","Kyphosidae","Kyphosus","vaigiensis",1319.24007,700,"TL",88.4628671428571
"2014-05_Exmouth.to.Dampier.shallow_stereoBRUVs","NCB260","Labridae","Halichoeres","nebulosus",224.15474,120,"TL",86.7956166666667
"2014-10_Ningaloo.shallow.sanctuaries_stereoBRUVs","NCB341","Pomacanthidae","Centropyge","tibicen",354.64841,190,"TL",86.6570578947368
"2014-05_Exmouth.to.Dampier.shallow_stereoBRUVs","NCB172","Carangidae","Selaroides","leptolepis",405.89526,220,"TL",84.4978454545455
"2014-10_Ningaloo.shallow.sanctuaries_stereoBRUVs","NCB358","Caesionidae","Pterocaesio","tile",544.14669,300,"TL",81.38223
"2014-10_Ningaloo.shallow.sanctuaries_stereoBRUVs","NCB315","Scaridae","Scarus","tricolor",479.02835,266,"SL",80.0858458646616
"2014-10_Ningaloo.shallow.sanctuaries_stereoBRUVs","NCB330","Labridae","Anampses","melanurus",212.75594,120,"TL",77.2966166666667
"2014-10_Ningaloo.shallow.sanctuaries_stereoBRUVs","NCB303","Labridae","Anampses","melanurus",202.79947,120,"TL",68.9995583333333
"2015-01_Montebello.transect_stereoBRUVs","NCB623","Pomacentridae","Pomacentrus","coelestis",151.57486,90,"TL",68.4165111111111
"2014-05_Exmouth.to.Dampier.shallow_stereoBRUVs","NCB172","Carangidae","Selaroides","leptolepis",367.69851,220,"TL",67.1356863636364
"2014-05_Exmouth.to.Dampier.shallow_stereoBRUVs","NCB216","Pomacentridae","Neopomacentrus","azysron",124.1384,75,"TL",65.5178666666667
"2014-10_Ningaloo.shallow.sanctuaries_stereoBRUVs","NCB295","Labridae","Anampses","melanurus",198.26984,120,"TL",65.2248666666667
"2014-10_Exmouth.to.Dampier.deep_stereoBRUVs","NCB394","Labridae","Cirrhilabrus","morrisoni",88.86925,55,"SL",61.5804545454545
"2014-10_Ningaloo.shallow.sanctuaries_stereoBRUVs","NCB307","Pomacanthidae","Pomacanthus","semicirculatus",642.30803,400,"SL",60.5770075
"2014-10_Ningaloo.shallow.sanctuaries_stereoBRUVs","NCB317","Labridae","Anampses","melanurus",189.86788,120,"TL",58.2232333333333
"2014-05_Exmouth.to.Dampier.shallow_stereoBRUVs","NCB175","Apogonidae","Ostorhinchus","monospilus",122.52821,78,"SL",57.0874487179487
"2015-01_Montebello.transect_stereoBRUVs","NCB704","Scaridae","Scarus","schlegeli",624.63195,400,"TL",56.1579875
"2014-10_Ningaloo.shallow.sanctuaries_stereoBRUVs","NCB277","Pomacentridae","Stegastes","obreptus",279.94219,180,"SL",55.5234388888889
"2014-05_Exmouth.to.Dampier.shallow_stereoBRUVs","NCB217","Scaridae","Scarus","tricolor",401.48661,266,"SL",50.9348157894737
"2014-10_Ningaloo.shallow.sanctuaries_stereoBRUVs","NCB292","Siganidae","Siganus","trispilos",377.02892,250,"TL",50.811568
"2015-01_Montebello.transect_stereoBRUVs","NCB640","Pomacanthidae","Chaetodontoplus","duboulayi",421.35424,280,"TL",50.4836571428571
"2015-09_Mackerel.Islands.shallow_stereoBRUVs","NCB1438","Monacanthidae","Paramonacanthus","choirocephalus",225.63646,150,"SL",50.4243066666667
"2014-05_Exmouth.to.Dampier.shallow_stereoBRUVs","NCB137","Scaridae","Scarus","rivulatus",598.02763,400,"SL",49.5069075
"2015-01_Montebello.transect_stereoBRUVs","NCB656","Tetraodontidae","Feroxodon","multistriatus",576.75848,390,"TL",47.8867897435897
"2014-05_Exmouth.to.Dampier.shallow_stereoBRUVs","NCB137","Scaridae","Scarus","rivulatus",591.45855,400,"SL",47.8646375
"2014-10_Montebello.sanctuaries_stereoBRUVs","NCB598","Chaetodontidae","Chaetodon","lunulatus",206.97394,140,"TL",47.8385285714286
"2014-10_Exmouth.to.Dampier.deep_stereoBRUVs","NCB443","Tetraodontidae","Feroxodon","multistriatus",570.05853,390,"TL",46.1688538461539
"2014-05_Exmouth.to.Dampier.shallow_stereoBRUVs","NCB35","Carangidae","Atule","mate",437.31283,300,"TL",45.7709433333333
"2014-05_Exmouth.to.Dampier.shallow_stereoBRUVs","NCB223","Serranidae","Epinephelus","fasciatus",579.69943,400,"TL",44.9248575
"2014-10_Ningaloo.shallow.sanctuaries_stereoBRUVs","NCB298","Pomacentridae","Chromis","weberi",195.24136,135,"TL",44.6232296296296
"2014-10_Ningaloo.shallow.sanctuaries_stereoBRUVs","NCB361","Caesionidae","Pterocaesio","tile",432.65303,300,"TL",44.2176766666667
"2014-10_Ningaloo.shallow.sanctuaries_stereoBRUVs","NCB317","Labridae","Anampses","melanurus",171.65415,120,"TL",43.045125
"2014-10_Ningaloo.shallow.sanctuaries_stereoBRUVs","NCB297","Scaridae","Scarus","rivulatus",566.37477,400,"SL",41.5936925
"2014-10_Montebello.sanctuaries_stereoBRUVs","NCB521","Tetraodontidae","Feroxodon","multistriatus",551.694,390,"TL",41.46
"2015-01_Montebello.transect_stereoBRUVs","NCB699","Tetraodontidae","Lagocephalus","lunaris",636.55867,450,"SL",41.4574822222222
"2014-10_Ningaloo.shallow.sanctuaries_stereoBRUVs","NCB306","Labridae","Cirrhilabrus","temminckii",163.77063,116,"FL",41.1815775862069
"2014-10_Ningaloo.shallow.sanctuaries_stereoBRUVs","NCB330","Carangidae","Atule","mate",422.77401,300,"TL",40.92467
"2014-05_Exmouth.to.Dampier.shallow_stereoBRUVs","NCB120","Pomacentridae","Neopomacentrus","azysron",105.47338,75,"TL",40.6311733333333
"2015-09_Dampier.transect_stereoBRUVs","NCB1452","Tetraodontidae","Feroxodon","multistriatus",548.16821,390,"TL",40.5559512820513
"2014-10_Ningaloo.shallow.sanctuaries_stereoBRUVs","NCB302","Acanthuridae","Acanthurus","triostegus",378.43189,270,"TL",40.1599592592593
"2014-10_Ningaloo.shallow.sanctuaries_stereoBRUVs","NCB337","Scaridae","Scarus","chameleon",432.82651,310,"TL",39.6214548387097
"2015-09_Dampier.transect_stereoBRUVs","NCB1447","Tetraodontidae","Feroxodon","multistriatus",543.67197,390,"TL",39.4030692307692
"2014-10_Ningaloo.shallow.sanctuaries_stereoBRUVs","NCB381","Pomacentridae","Dascyllus","reticulatus",124.86801,90,"TL",38.7422333333333
"2014-10_Ningaloo.shallow.sanctuaries_stereoBRUVs","NCB371","Acanthuridae","Acanthurus","mata",692.49743,500,"TL",38.499486
"2015-09_Dampier.Archipelago_stereoBRUVs","MNCB342","Tetraodontidae","Feroxodon","multistriatus",539.49101,390,"TL",38.3310282051282
"2014-10_Ningaloo.shallow.sanctuaries_stereoBRUVs","NCB373","Kyphosidae","Kyphosus","vaigiensis",967.02527,700,"TL",38.1464671428571
"2015-09_Exmouth.Gulf_stereoBRUVs","NCB1304","Terapontidae","Pelates","octolineatus",386.37012,280,"TL",37.9893285714286
"2014-10_Exmouth.to.Dampier.deep_stereoBRUVs","NCB392","Pomacentridae","Amblypomacentrus","breviceps",117.11148,85,"TL",37.7782117647059
"2014-10_Ningaloo.shallow.sanctuaries_stereoBRUVs","NCB372","Caesionidae","Pterocaesio","tile",413.14349,300,"TL",37.7144966666667
"2014-10_Exmouth.to.Dampier.deep_stereoBRUVs","NCB459","Serranidae","Epinephelus","bilobatus",547.82865,400,"TL",36.9571625
"2014-05_Exmouth.to.Dampier.shallow_stereoBRUVs","NCB35","Labridae","Anampses","lennardi",383.38601,280,"TL",36.923575
"2014-10_Montebello.sanctuaries_stereoBRUVs","NCB598","Chaetodontidae","Chaetodon","lunulatus",191.28796,140,"TL",36.6342571428571
"2015-09_Exmouth.Gulf_stereoBRUVs","MNCB238","Tetraodontidae","Feroxodon","multistriatus",532.25478,390,"TL",36.4755846153846
"2015-09_Exmouth.Gulf_stereoBRUVs","NCB1297","Tetraodontidae","Lagocephalus","lunaris",613.35491,450,"SL",36.3010911111111
"2015-09_Dampier.transect_stereoBRUVs","NCB1471","Tetraodontidae","Lagocephalus","lunaris",611.32457,450,"SL",35.8499044444444
"2015-09_Exmouth.Gulf_stereoBRUVs","NCB1275","Tetraodontidae","Lagocephalus","lunaris",610.83866,450,"SL",35.7419244444444
"2014-10_Ningaloo.shallow.sanctuaries_stereoBRUVs","NCB330","Carangidae","Atule","mate",406.27827,300,"TL",35.42609
"2014-10_Ningaloo.shallow.sanctuaries_stereoBRUVs","NCB374","Carangidae","Trachinotus","blochii",1486.71271,1100,"FL",35.1557009090909
"2014-05_Exmouth.to.Dampier.shallow_stereoBRUVs","NCB137","Scaridae","Scarus","rivulatus",540.23992,400,"SL",35.05998
"2014-05_Exmouth.to.Dampier.shallow_stereoBRUVs","NCB210","Scaridae","Scarus","tricolor",358.86014,266,"SL",34.9098270676692
"2014-05_Exmouth.to.Dampier.shallow_stereoBRUVs","NCB77","Chaetodontidae","Heniochus","acuminatus",337.24814,250,"TL",34.899256
"2014-05_Exmouth.to.Dampier.shallow_stereoBRUVs","NCB126","Carangidae","Atule","mate",403.39159,300,"TL",34.4638633333333
"2014-10_Ningaloo.shallow.sanctuaries_stereoBRUVs","NCB316","Caesionidae","Pterocaesio","digramma",402.1652,300,"TL",34.0550666666667
"2014-05_Exmouth.to.Dampier.shallow_stereoBRUVs","NCB103","Nemipteridae","Pentapodus","porosus",361.02708,270,"TL",33.7137333333333
"2015-01_Montebello.transect_stereoBRUVs","NCB643","Tetraodontidae","Feroxodon","multistriatus",520.74066,390,"TL",33.5232461538462
"2014-05_Exmouth.to.Dampier.shallow_stereoBRUVs","NCB120","Nemipteridae","Scolopsis","bilineata",332.87465,250,"TL",33.14986
"2014-10_Exmouth.to.Dampier.deep_stereoBRUVs","NCB487","Tetraodontidae","Feroxodon","multistriatus",518.72955,390,"TL",33.0075769230769
"2014-10_Ningaloo.shallow.sanctuaries_stereoBRUVs","NCB371","Acanthuridae","Acanthurus","mata",664.54017,500,"TL",32.908034
"2014-05_Exmouth.to.Dampier.shallow_stereoBRUVs","NCB172","Carangidae","Selaroides","leptolepis",291.505,220,"TL",32.5022727272727
"2014-10_Ningaloo.shallow.sanctuaries_stereoBRUVs","NCB364","Caesionidae","Pterocaesio","tile",396.97587,300,"TL",32.32529
"2015-09_Exmouth.Gulf_stereoBRUVs","MNCB271","Tetraodontidae","Feroxodon","multistriatus",515.01874,390,"TL",32.0560871794872
"2015-09_Mackerel.Islands.shallow_stereoBRUVs","MNCB306","Scombridae","Cybiosarda","elegans",593.96035,450,"FL",31.9911888888889
"2015-09_Exmouth.Gulf_stereoBRUVs","MNCB220","Tetraodontidae","Feroxodon","multistriatus",513.53695,390,"TL",31.676141025641
"2014-10_Ningaloo.shallow.sanctuaries_stereoBRUVs","NCB281","Carangidae","Alepes","vari",736.62406,560,"TL",31.5400107142857
"2015-09_Dampier.Archipelago_stereoBRUVs","NCB1523","Carangidae","Atule","mate",394.56689,300,"TL",31.5222966666667
"2014-05_Exmouth.to.Dampier.shallow_stereoBRUVs","NCB137","Scaridae","Scarus","rivulatus",525.46302,400,"SL",31.365755
"2014-10_Ningaloo.shallow.sanctuaries_stereoBRUVs","NCB371","Acanthuridae","Acanthurus","mata",655.29863,500,"TL",31.059726
"2014-10_Ningaloo.shallow.sanctuaries_stereoBRUVs","NCB350","Balistidae","Sufflamen","fraenatum",497.3485,380,"TL",30.8811842105263
"2015-09_Exmouth.Gulf_stereoBRUVs","NCB1275","Tetraodontidae","Lagocephalus","lunaris",588.7879,450,"SL",30.8417555555556
"2015-09_Exmouth.Gulf_stereoBRUVs","NCB1335","Tetraodontidae","Feroxodon","multistriatus",508.67474,390,"TL",30.4294205128205
"2014-10_Montebello.sanctuaries_stereoBRUVs","NCB530","Tetraodontidae","Feroxodon","multistriatus",508.38211,390,"TL",30.3543871794872
"2014-05_Exmouth.to.Dampier.shallow_stereoBRUVs","NCB234","Tetraodontidae","Feroxodon","multistriatus",508.34884,390,"TL",30.3458564102564
"2014-05_Exmouth.to.Dampier.shallow_stereoBRUVs","NCB162","Serranidae","Epinephelus","bilobatus",519.76487,400,"TL",29.9412175
"2015-01_Montebello.transect_stereoBRUVs","NCB649","Carangidae","Atule","mate",389.678,300,"TL",29.8926666666667
"2014-10_Ningaloo.shallow.sanctuaries_stereoBRUVs","NCB371","Acanthuridae","Acanthurus","mata",649.30584,500,"TL",29.861168
"2014-10_Ningaloo.shallow.sanctuaries_stereoBRUVs","NCB371","Acanthuridae","Acanthurus","mata",648.73885,500,"TL",29.74777
"2015-09_Exmouth.Gulf_stereoBRUVs","NCB1307","Tetraodontidae","Lagocephalus","lunaris",582.09048,450,"SL",29.35344
"2014-05_Exmouth.to.Dampier.shallow_stereoBRUVs","NCB172","Carangidae","Selaroides","leptolepis",282.9104,220,"TL",28.5956363636364
"2015-09_Exmouth.Gulf_stereoBRUVs","NCB1298","Tetraodontidae","Lagocephalus","lunaris",578.15521,450,"SL",28.4789355555556
"2014-10_Ningaloo.shallow.sanctuaries_stereoBRUVs","NCB315","Chaetodontidae","Chaetodon","auriga",295.17934,230,"TL",28.3388434782609
"2015-09_Dampier.Archipelago_stereoBRUVs","NCB1531","Tetraodontidae","Feroxodon","multistriatus",500.48216,390,"TL",28.328758974359
"2015-01_Montebello.transect_stereoBRUVs","NCB668","Tetraodontidae","Feroxodon","multistriatus",500.20212,390,"TL",28.2569538461538
"2014-10_Ningaloo.shallow.sanctuaries_stereoBRUVs","NCB360","Caesionidae","Pterocaesio","digramma",384.05605,300,"TL",28.0186833333333
"2014-10_Ningaloo.shallow.sanctuaries_stereoBRUVs","NCB295","Scaridae","Scarus","rivulatus",511.57179,400,"SL",27.8929475
"2014-10_Ningaloo.shallow.sanctuaries_stereoBRUVs","NCB376","Siganidae","Siganus","trispilos",318.18853,250,"TL",27.275412
"2014-10_Montebello.sanctuaries_stereoBRUVs","NCB572","Acanthuridae","Acanthurus","grammoptilus",445.41854,350,"TL",27.26244
"2014-05_Exmouth.to.Dampier.shallow_stereoBRUVs","NCB59","Siganidae","Siganus","doliatus",381.50782,300,"SL",27.1692733333333
"2015-09_Mackerel.Islands.shallow_stereoBRUVs","MNCB315","Monacanthidae","Paramonacanthus","choirocephalus",190.60041,150,"SL",27.06694
"2015-09_Exmouth.Gulf_stereoBRUVs","MNCB223","Pomacentridae","Pomacentrus","milleri",126.88877,100,"SL",26.88877
"2014-05_Exmouth.to.Dampier.shallow_stereoBRUVs","NCB47","Labridae","Anampses","lennardi",355.26352,280,"TL",26.8798285714286
"2015-01_Montebello.transect_stereoBRUVs","NCB698","Tetraodontidae","Feroxodon","multistriatus",494.6739,390,"TL",26.8394615384615
"2015-09_Dampier.transect_stereoBRUVs","NCB1537","Tetraodontidae","Lagocephalus","lunaris",570.48682,450,"SL",26.7748488888889
"2015-01_Montebello.transect_stereoBRUVs","NCB614","Tetraodontidae","Feroxodon","multistriatus",493.56407,390,"TL",26.5548897435897
"2014-10_Ningaloo.shallow.sanctuaries_stereoBRUVs","NCB311","Acanthuridae","Acanthurus","triostegus",341.38602,270,"TL",26.4392666666667
"2014-05_Exmouth.to.Dampier.shallow_stereoBRUVs","NCB103","Nemipteridae","Pentapodus","porosus",341.37313,270,"TL",26.4344925925926
"2014-10_Exmouth.to.Dampier.deep_stereoBRUVs","NCB424","Carcharhinidae","Carcharhinus","plumbeus",2272.03471,1800,"TL",26.2241505555555
"2014-10_Exmouth.to.Dampier.deep_stereoBRUVs","NCB491","Tetraodontidae","Feroxodon","multistriatus",491.36177,390,"TL",25.9901974358974
"2014-10_Ningaloo.shallow.sanctuaries_stereoBRUVs","NCB371","Acanthuridae","Acanthurus","mata",627.86887,500,"TL",25.573774
"2014-10_Ningaloo.shallow.sanctuaries_stereoBRUVs","NCB281","Carangidae","Alepes","vari",702.97537,560,"TL",25.5313160714286
"2015-01_Montebello.transect_stereoBRUVs","NCB649","Carangidae","Atule","mate",376.56824,300,"TL",25.5227466666667
"2015-01_Montebello.transect_stereoBRUVs","NCB667","Serranidae","Epinephelus","multinotatus",1246.14016,1000,"TL",24.614016
"2015-01_Montebello.transect_stereoBRUVs","NCB672","Tetraodontidae","Feroxodon","multistriatus",484.99032,390,"TL",24.3564923076923
"2015-09_Dampier.Archipelago_stereoBRUVs","NCB1514","Tetraodontidae","Feroxodon","multistriatus",483.513,390,"TL",23.9776923076923
"2015-09_Exmouth.Gulf_stereoBRUVs","NCB1281","Tetraodontidae","Lagocephalus","lunaris",557.89842,450,"SL",23.9774266666667
"2014-05_Exmouth.to.Dampier.shallow_stereoBRUVs","NCB253","Acanthuridae","Acanthurus","grammoptilus",432.78409,350,"TL",23.6525971428571
"2014-10_Ningaloo.shallow.sanctuaries_stereoBRUVs","NCB352","Labridae","Cirrhilabrus","temminckii",143.15235,116,"FL",23.4071982758621
"2014-05_Exmouth.to.Dampier.shallow_stereoBRUVs","NCB126","Carangidae","Atule","mate",369.59633,300,"TL",23.1987766666667
"2014-10_Exmouth.to.Dampier.deep_stereoBRUVs","NCB394","Labridae","Cirrhilabrus","morrisoni",67.5274,55,"SL",22.7770909090909
"2015-09_Exmouth.Gulf_stereoBRUVs","MNCB258","Tetraodontidae","Feroxodon","multistriatus",478.55889,390,"TL",22.7074076923077
"2014-10_Ningaloo.shallow.sanctuaries_stereoBRUVs","NCB298","Pomacanthidae","Pomacanthus","semicirculatus",490.10443,400,"SL",22.5261075
"2015-09_Dampier.Archipelago_stereoBRUVs","NCB1548","Pomacentridae","Abudefduf","bengalensis",220.32894,180,"TL",22.4049666666667
"2015-09_Dampier.Archipelago_stereoBRUVs","NCB1523","Carangidae","Atule","mate",366.85185,300,"TL",22.28395
"2014-10_Exmouth.to.Dampier.deep_stereoBRUVs","NCB402","Lethrinidae","Lethrinus","laticaudis",683.73693,560,"TL",22.0958803571429
"2015-01_Montebello.transect_stereoBRUVs","NCB683","Labridae","Anampses","lennardi",341.57759,280,"TL",21.9919964285714
"2015-01_Montebello.transect_stereoBRUVs","NCB621","Tetraodontidae","Feroxodon","multistriatus",475.7416,390,"TL",21.9850256410256
"2015-09_Exmouth.Gulf_stereoBRUVs","NCB1327","Tetraodontidae","Feroxodon","multistriatus",475.14783,390,"TL",21.8327769230769
"2015-09_Dampier.Archipelago_stereoBRUVs","MNCB341","Tetraodontidae","Feroxodon","multistriatus",474.51499,390,"TL",21.6705102564103
"2014-10_Ningaloo.shallow.sanctuaries_stereoBRUVs","NCB371","Acanthuridae","Acanthurus","mata",607.95633,500,"TL",21.591266
"2014-05_Exmouth.to.Dampier.shallow_stereoBRUVs","NCB12","Mullidae","Upeneus","tragula",303.91856,250,"TL",21.567424
"2014-10_Ningaloo.shallow.sanctuaries_stereoBRUVs","NCB281","Tetraodontidae","Feroxodon","multistriatus",473.42334,390,"TL",21.3906
"2014-05_Exmouth.to.Dampier.shallow_stereoBRUVs","NCB261","Chaetodontidae","Chaetodon","kleinii",182.04846,150,"TL",21.36564
"2014-05_Exmouth.to.Dampier.shallow_stereoBRUVs","NCB42","Labridae","Anampses","lennardi",339.79275,280,"TL",21.3545535714286
"2015-09_Dampier.transect_stereoBRUVs","NCB1487","Carangidae","Atule","mate",363.76656,300,"TL",21.25552
"2015-09_Dampier.transect_stereoBRUVs","NCB1540","Tetraodontidae","Lagocephalus","lunaris",545.44317,450,"SL",21.2095933333333
"2014-05_Exmouth.to.Dampier.shallow_stereoBRUVs","NCB137","Scaridae","Scarus","rivulatus",484.63347,400,"SL",21.1583675
"2014-10_Exmouth.to.Dampier.deep_stereoBRUVs","NCB489","Tetraodontidae","Lagocephalus","lunaris",545.14925,450,"SL",21.1442777777778
"2015-09_Dampier.transect_stereoBRUVs","NCB1537","Tetraodontidae","Lagocephalus","lunaris",544.45308,450,"SL",20.9895733333333
"2014-10_Ningaloo.shallow.sanctuaries_stereoBRUVs","NCB340","Pomacentridae","Pomacentrus","coelestis",108.7895,90,"TL",20.8772222222222
"2015-09_Dampier.Archipelago_stereoBRUVs","MNCB331","Pomacentridae","Amblyglyphidodon","leucogaster",157.13513,130,"TL",20.8731769230769
"2015-09_Exmouth.Gulf_stereoBRUVs","MNCB221","Pomacentridae","Pomacentrus","milleri",120.85956,100,"SL",20.85956
"2015-09_Dampier.transect_stereoBRUVs","NCB1453","Tetraodontidae","Lagocephalus","lunaris",542.9962,450,"SL",20.6658222222222
"2014-05_Exmouth.to.Dampier.shallow_stereoBRUVs","NCB225","Scaridae","Scarus","tricolor",320.77293,266,"SL",20.5913270676692
"2014-10_Ningaloo.shallow.sanctuaries_stereoBRUVs","NCB301","Pomacentridae","Chromis","weberi",162.78836,135,"TL",20.5839703703704
"2014-05_Exmouth.to.Dampier.shallow_stereoBRUVs","NCB163","Pomacentridae","Pomacentrus","coelestis",108.46476,90,"TL",20.5164
"2014-10_Ningaloo.shallow.sanctuaries_stereoBRUVs","NCB369","Caesionidae","Pterocaesio","tile",360.97755,300,"TL",20.32585
"2015-09_Dampier.Archipelago_stereoBRUVs","NCB1553","Pomacanthidae","Chaetodontoplus","duboulayi",336.87441,280,"TL",20.3122892857143
"2015-01_Montebello.transect_stereoBRUVs","NCB698","Tetraodontidae","Feroxodon","multistriatus",468.42742,390,"TL",20.1095948717949
"2014-05_Exmouth.to.Dampier.shallow_stereoBRUVs","NCB136","Carangidae","Atule","mate",360.12095,300,"TL",20.0403166666667
"2014-05_Exmouth.to.Dampier.shallow_stereoBRUVs","NCB208","Chaetodontidae","Heniochus","acuminatus",299.60575,250,"TL",19.8423
"2014-05_Exmouth.to.Dampier.shallow_stereoBRUVs","NCB151","Labridae","Halichoeres","nebulosus",143.77926,120,"TL",19.81605
"2015-09_Mackerel.Islands.shallow_stereoBRUVs","NCB1439","Monacanthidae","Paramonacanthus","choirocephalus",179.60235,150,"SL",19.7349
"2014-10_Ningaloo.shallow.sanctuaries_stereoBRUVs","NCB372","Caesionidae","Pterocaesio","tile",359.11283,300,"TL",19.7042766666667
"2014-05_Exmouth.to.Dampier.shallow_stereoBRUVs","NCB193","Pomacentridae","Pomacentrus","coelestis",107.46916,90,"TL",19.4101777777778
"2015-01_Montebello.transect_stereoBRUVs","NCB642","Tetraodontidae","Feroxodon","multistriatus",465.12602,390,"TL",19.263082051282
"2015-09_Dampier.transect_stereoBRUVs","NCB1541","Tetraodontidae","Lagocephalus","lunaris",536.53859,450,"SL",19.2307977777778
"2015-09_Exmouth.Gulf_stereoBRUVs","NCB1288","Tetraodontidae","Lagocephalus","lunaris",535.14106,450,"SL",18.9202355555556
"2014-10_Ningaloo.shallow.sanctuaries_stereoBRUVs","NCB307","Caesionidae","Pterocaesio","digramma",355.38593,300,"TL",18.4619766666667
"2014-05_Exmouth.to.Dampier.shallow_stereoBRUVs","NCB141","Labridae","Leptojulis","cyanopleura",153.98451,130,"TL",18.4496230769231
"2014-10_Ningaloo.shallow.sanctuaries_stereoBRUVs","NCB346","Labridae","Thalassoma","lutescens",352.68548,300,"TL",17.5618266666667
"2014-10_Exmouth.to.Dampier.deep_stereoBRUVs","NCB483","Labridae","Cirrhilabrus","temminckii",136.17186,116,"FL",17.3895344827586
"2015-09_Exmouth.Gulf_stereoBRUVs","NCB1331","Tetraodontidae","Lagocephalus","lunaris",528.03851,450,"SL",17.3418911111111
"2014-05_Exmouth.to.Dampier.shallow_stereoBRUVs","NCB159","Pomacentridae","Pomacentrus","coelestis",105.57141,90,"TL",17.3015666666667
"2014-05_Exmouth.to.Dampier.shallow_stereoBRUVs","NCB124","Carangidae","Selaroides","leptolepis",257.81028,220,"TL",17.1864909090909
"2015-01_Montebello.transect_stereoBRUVs","NCB656","Scaridae","Scarus","oviceps",410.04594,350,"TL",17.1559828571428
"2014-10_Exmouth.to.Dampier.deep_stereoBRUVs","NCB490","Tetraodontidae","Lagocephalus","lunaris",527.18608,450,"SL",17.1524622222222
"2014-05_Exmouth.to.Dampier.shallow_stereoBRUVs","NCB154","Pomacentridae","Pomacentrus","coelestis",105.33341,90,"TL",17.0371222222222
"2014-10_Montebello.sanctuaries_stereoBRUVs","NCB583","Carangidae","Selaroides","leptolepis",257.43279,220,"TL",17.0149045454546
"2014-05_Exmouth.to.Dampier.shallow_stereoBRUVs","NCB246","Nemipteridae","Pentapodus","porosus",315.84085,270,"TL",16.9780925925926
"2014-10_Exmouth.to.Dampier.deep_stereoBRUVs","NCB443","Tetraodontidae","Lagocephalus","lunaris",525.1654,450,"SL",16.7034222222222
"2014-10_Exmouth.to.Dampier.deep_stereoBRUVs","NCB486","Tetraodontidae","Feroxodon","multistriatus",454.65826,390,"TL",16.579041025641
"2015-09_Exmouth.Gulf_stereoBRUVs","MNCB269","Acanthuridae","Acanthurus","grammoptilus",407.71186,350,"TL",16.4891028571429
"2014-05_Exmouth.to.Dampier.shallow_stereoBRUVs","NCB23","Siganidae","Siganus","doliatus",349.1985,300,"SL",16.3995
"2015-09_Exmouth.Gulf_stereoBRUVs","NCB1286","Tetraodontidae","Lagocephalus","lunaris",523.75614,450,"SL",16.3902533333333
"2014-05_Exmouth.to.Dampier.shallow_stereoBRUVs","NCB20","Chaetodontidae","Parachaetodon","ocellatus",209.3742,180,"TL",16.319
"2014-10_Exmouth.to.Dampier.deep_stereoBRUVs","NCB394","Labridae","Cirrhilabrus","morrisoni",63.97264,55,"SL",16.3138909090909
"2015-09_Exmouth.Gulf_stereoBRUVs","NCB1322","Carangidae","Selaroides","leptolepis",255.81134,220,"TL",16.2778818181818
"2014-05_Exmouth.to.Dampier.shallow_stereoBRUVs","NCB103","Nemipteridae","Pentapodus","porosus",313.85592,270,"TL",16.2429333333333
"2015-09_Dampier.transect_stereoBRUVs","NCB1468","Synodontidae","Saurida","undosquamis",581.08496,500,"SL",16.216992
"2014-10_Ningaloo.shallow.sanctuaries_stereoBRUVs","NCB305","Siganidae","Siganus","trispilos",290.49478,250,"TL",16.197912
"2014-10_Ningaloo.shallow.sanctuaries_stereoBRUVs","NCB368","Lethrinidae","Lethrinus","nebulosus",1010.8632,870,"TL",16.1911724137931
"2015-09_Exmouth.Gulf_stereoBRUVs","MNCB240","Tetraodontidae","Lagocephalus","lunaris",522.60069,450,"SL",16.1334866666667
"2015-09_Exmouth.Gulf_stereoBRUVs","MNCB226","Tetraodontidae","Feroxodon","multistriatus",452.57644,390,"TL",16.045241025641
"2015-01_Montebello.transect_stereoBRUVs","NCB698","Tetraodontidae","Lagocephalus","lunaris",521.83074,450,"SL",15.9623866666667
"2014-10_Ningaloo.shallow.sanctuaries_stereoBRUVs","NCB317","Labridae","Anampses","melanurus",139.08116,120,"TL",15.9009666666667
"2015-09_Exmouth.Gulf_stereoBRUVs","MNCB227","Pomacentridae","Pomacentrus","milleri",115.869,100,"SL",15.869
"2015-09_Exmouth.Gulf_stereoBRUVs","NCB1285","Tetraodontidae","Lagocephalus","lunaris",520.4865,450,"SL",15.6636666666667
"2015-01_Montebello.transect_stereoBRUVs","NCB616","Tetraodontidae","Feroxodon","multistriatus",450.82596,390,"TL",15.5964
"2014-10_Montebello.sanctuaries_stereoBRUVs","NCB536","Tetraodontidae","Feroxodon","multistriatus",450.79424,390,"TL",15.5882666666667
"2015-01_Montebello.transect_stereoBRUVs","NCB649","Carangidae","Atule","mate",346.29895,300,"TL",15.4329833333333
"2014-10_Ningaloo.shallow.sanctuaries_stereoBRUVs","NCB301","Chaetodontidae","Chaetodon","plebeius",172.88628,150,"TL",15.25752
"2015-01_Montebello.transect_stereoBRUVs","NCB684","Lethrinidae","Lethrinus","ravus",345.7322,300,"SL",15.2440666666667
"2015-09_Dampier.transect_stereoBRUVs","NCB1466","Carangidae","Selar","boops",288.10712,250,"FL",15.242848
"2015-09_Mackerel.Islands.shallow_stereoBRUVs","NCB1429","Tetraodontidae","Lagocephalus","lunaris",518.31578,450,"SL",15.1812844444444
"2015-09_Exmouth.Gulf_stereoBRUVs","NCB1290","Tetraodontidae","Lagocephalus","lunaris",517.89593,450,"SL",15.0879844444444
"2014-10_Ningaloo.shallow.sanctuaries_stereoBRUVs","NCB338","Labridae","Anampses","meleagrides",253.11309,220,"TL",15.0514045454545
"2014-10_Ningaloo.shallow.sanctuaries_stereoBRUVs","NCB338","Pomacanthidae","Pomacanthus","semicirculatus",459.10317,400,"SL",14.7757925
"2014-10_Ningaloo.shallow.sanctuaries_stereoBRUVs","NCB325","Pomacanthidae","Pomacanthus","semicirculatus",458.63849,400,"SL",14.6596225
"2015-09_Exmouth.Gulf_stereoBRUVs","MNCB222","Pomacentridae","Pomacentrus","milleri",114.56871,100,"SL",14.56871
"2015-09_Mackerel.Islands.shallow_stereoBRUVs","MNCB307","Monacanthidae","Paramonacanthus","choirocephalus",171.80307,150,"SL",14.53538
"2015-09_Mackerel.Islands.shallow_stereoBRUVs","MNCB314","Pomacentridae","Pomacentrus","milleri",114.52315,100,"SL",14.52315
"2015-09_Exmouth.Gulf_stereoBRUVs","NCB1283","Tetraodontidae","Lagocephalus","lunaris",514.5374,450,"SL",14.3416444444445
"2014-10_Ningaloo.shallow.sanctuaries_stereoBRUVs","NCB346","Pomacentridae","Pomacentrus","coelestis",102.90108,90,"TL",14.3345333333333
"2015-01_Montebello.transect_stereoBRUVs","NCB616","Labridae","Coris","caudimacula",228.49667,200,"TL",14.248335
"2014-10_Montebello.sanctuaries_stereoBRUVs","NCB583","Carangidae","Selaroides","leptolepis",251.34329,220,"TL",14.24695
"2015-01_Montebello.transect_stereoBRUVs","NCB723","Lethrinidae","Lethrinus","ravus",342.3593,300,"SL",14.1197666666667
"2014-05_Exmouth.to.Dampier.shallow_stereoBRUVs","NCB179","Serranidae","Epinephelus","bilobatus",456.06153,400,"TL",14.0153825
"2014-10_Montebello.sanctuaries_stereoBRUVs","NCB524","Haemulidae","Plectorhinchus","flavomaculatus",683.60086,600,"TL",13.9334766666667
"2015-01_Montebello.transect_stereoBRUVs","NCB649","Carangidae","Atule","mate",341.70571,300,"TL",13.9019033333333
"2015-09_Dampier.transect_stereoBRUVs","NCB1536","Labridae","Anampses","lennardi",318.84564,280,"TL",13.8734428571429
"2014-10_Ningaloo.shallow.sanctuaries_stereoBRUVs","NCB352","Labridae","Cirrhilabrus","temminckii",131.90624,116,"FL",13.712275862069
"2015-09_Dampier.transect_stereoBRUVs","NCB1456","Tetraodontidae","Lagocephalus","lunaris",511.6308,450,"SL",13.6957333333333
"2015-09_Mackerel.Islands.shallow_stereoBRUVs","MNCB299","Lethrinidae","Lethrinus","genivittatus",284.12691,250,"TL",13.650764
"2014-10_Exmouth.to.Dampier.deep_stereoBRUVs","NCB434","Tetraodontidae","Lagocephalus","lunaris",511.12437,450,"SL",13.5831933333333
"2014-10_Ningaloo.shallow.sanctuaries_stereoBRUVs","NCB315","Chaetodontidae","Chaetodon","lunula",226.93829,200,"TL",13.469145
"2015-09_Dampier.Archipelago_stereoBRUVs","MNCB354","Chaetodontidae","Chaetodon","aureofasciatus",170.19634,150,"TL",13.4642266666667
"2015-09_Dampier.Archipelago_stereoBRUVs","NCB1557","Labridae","Anampses","lennardi",317.61852,280,"TL",13.4351857142857
"2014-05_Exmouth.to.Dampier.shallow_stereoBRUVs","NCB192","Pomacentridae","Pomacentrus","coelestis",102.08809,90,"TL",13.4312111111111
"2015-09_Dampier.transect_stereoBRUVs","NCB1500","Tetraodontidae","Feroxodon","multistriatus",442.07654,390,"TL",13.352958974359
"2015-09_Mackerel.Islands.shallow_stereoBRUVs","MNCB304","Tetraodontidae","Feroxodon","multistriatus",442.06614,390,"TL",13.3502923076923
"2014-10_Exmouth.to.Dampier.deep_stereoBRUVs","NCB513","Carangidae","Carangoides","oblongus",521.17794,460,"TL",13.2995521739131
"2015-01_Montebello.transect_stereoBRUVs","NCB651","Monacanthidae","Cantherhines","fronticinctus",282.68066,250,"TL",13.072264
"2014-10_Montebello.sanctuaries_stereoBRUVs","NCB563","Chaetodontidae","Chaetodon","unimaculatus",225.91285,200,"TL",12.956425
"2014-10_Montebello.sanctuaries_stereoBRUVs","NCB583","Carangidae","Selaroides","leptolepis",248.1238,220,"TL",12.7835454545455
"2015-09_Mackerel.Islands.shallow_stereoBRUVs","MNCB282","Scaridae","Scarus","psittacus",383.32578,340,"TL",12.7428764705882
"2015-09_Dampier.Archipelago_stereoBRUVs","NCB1523","Carangidae","Atule","mate",337.72804,300,"TL",12.5760133333333
"2015-01_Montebello.transect_stereoBRUVs","NCB706","Carangidae","Atule","mate",337.53264,300,"TL",12.51088
"2015-01_Montebello.transect_stereoBRUVs","NCB612","Tetraodontidae","Feroxodon","multistriatus",438.77887,390,"TL",12.5074025641026
"2015-01_Montebello.transect_stereoBRUVs","NCB706","Carangidae","Atule","mate",337.28133,300,"TL",12.42711
"2015-09_Exmouth.Gulf_stereoBRUVs","NCB1345","Tetraodontidae","Feroxodon","multistriatus",438.01043,390,"TL",12.3103666666667
"2014-10_Exmouth.to.Dampier.deep_stereoBRUVs","NCB455","Serranidae","Pseudanthias","rubrizonatus",134.60903,120,"TL",12.1741916666667
"2014-05_Exmouth.to.Dampier.shallow_stereoBRUVs","NCB89","Nemipteridae","Pentapodus","porosus",302.81106,270,"TL",12.1522444444444
"2015-09_Dampier.transect_stereoBRUVs","NCB1490","Labridae","Bodianus","solatus",392.45623,350,"SL",12.1303514285714
"2014-05_Exmouth.to.Dampier.shallow_stereoBRUVs","NCB163","Pomacentridae","Pomacentrus","coelestis",100.84383,90,"TL",12.0487
"2014-10_Ningaloo.shallow.sanctuaries_stereoBRUVs","NCB381","Pomacentridae","Dascyllus","reticulatus",100.83153,90,"TL",12.0350333333333
"2015-09_Exmouth.Gulf_stereoBRUVs","NCB1291","Tetraodontidae","Lagocephalus","lunaris",503.99958,450,"SL",11.9999066666667
"2014-10_Ningaloo.shallow.sanctuaries_stereoBRUVs","NCB338","Pomacentridae","Dascyllus","trimaculatus",156.77761,140,"TL",11.9840071428572
"2014-10_Exmouth.to.Dampier.deep_stereoBRUVs","NCB445","Tetraodontidae","Lagocephalus","lunaris",503.7934,450,"SL",11.9540888888889
"2014-10_Ningaloo.shallow.sanctuaries_stereoBRUVs","NCB362","Pomacentridae","Pomacentrus","vaiuli",111.95107,100,"FL",11.95107
"2014-10_Ningaloo.shallow.sanctuaries_stereoBRUVs","NCB354","Tetraodontidae","Feroxodon","multistriatus",436.5427,390,"TL",11.9340256410256
"2015-01_Montebello.transect_stereoBRUVs","NCB610","Tetraodontidae","Feroxodon","multistriatus",436.43658,390,"TL",11.9068153846154
"2014-05_Exmouth.to.Dampier.shallow_stereoBRUVs","NCB216","Acanthuridae","Acanthurus","grammoptilus",391.49514,350,"TL",11.8557542857143
"2014-05_Exmouth.to.Dampier.shallow_stereoBRUVs","NCB30","Siganidae","Siganus","punctatus",447.29702,400,"TL",11.824255
"2015-01_Montebello.transect_stereoBRUVs","NCB613","Tetraodontidae","Feroxodon","multistriatus",435.9939,390,"TL",11.7933076923077
"2014-10_Montebello.sanctuaries_stereoBRUVs","NCB565","Siganidae","Siganus","trispilos",279.46855,250,"TL",11.78742
"2014-10_Ningaloo.shallow.sanctuaries_stereoBRUVs","NCB372","Pomacentridae","Pomacentrus","milleri",111.73151,100,"SL",11.73151
"2014-10_Ningaloo.shallow.sanctuaries_stereoBRUVs","NCB325","Labridae","Thalassoma","amblycephalum",178.73077,160,"SL",11.70673125
"2014-05_Exmouth.to.Dampier.shallow_stereoBRUVs","NCB50","Labridae","Anampses","lennardi",312.72681,280,"TL",11.6881464285714
"2015-09_Exmouth.Gulf_stereoBRUVs","NCB1287","Tetraodontidae","Lagocephalus","lunaris",502.17254,450,"SL",11.5938977777778
"2015-09_Exmouth.Gulf_stereoBRUVs","MNCB242","Pomacentridae","Pomacentrus","milleri",111.58981,100,"SL",11.58981
"2014-10_Ningaloo.shallow.sanctuaries_stereoBRUVs","NCB329","Mullidae","Parupeneus","cyclostomus",557.90347,500,"TL",11.580694
"2015-01_Montebello.transect_stereoBRUVs","NCB619","Labridae","Coris","pictoides",167.06841,150,"TL",11.37894
"2014-05_Exmouth.to.Dampier.shallow_stereoBRUVs","NCB190","Lethrinidae","Lethrinus","variegatus",222.7083,200,"TL",11.35415
"2015-09_Dampier.Archipelago_stereoBRUVs","NCB1523","Carangidae","Atule","mate",333.99998,300,"TL",11.3333266666667
"2014-10_Exmouth.to.Dampier.deep_stereoBRUVs","NCB443","Tetraodontidae","Lagocephalus","lunaris",500.50358,450,"SL",11.2230177777778
"2015-01_Montebello.transect_stereoBRUVs","NCB700","Tetraodontidae","Lagocephalus","lunaris",500.40158,450,"SL",11.2003511111111
"2014-10_Ningaloo.shallow.sanctuaries_stereoBRUVs","NCB341","Pomacentridae","Dascyllus","trimaculatus",155.64766,140,"TL",11.1769
"2015-01_Montebello.transect_stereoBRUVs","NCB618","Tetraodontidae","Feroxodon","multistriatus",433.2786,390,"TL",11.0970769230769
"2014-10_Ningaloo.shallow.sanctuaries_stereoBRUVs","NCB369","Caesionidae","Pterocaesio","tile",333.26645,300,"TL",11.0888166666667
"2014-10_Ningaloo.shallow.sanctuaries_stereoBRUVs","NCB304","Labridae","Hemigymnus","melapterus",666.21578,600,"SL",11.0359633333333
"2014-05_Exmouth.to.Dampier.shallow_stereoBRUVs","NCB59","Labridae","Anampses","lennardi",310.87618,280,"TL",11.0272071428571
"2014-10_Ningaloo.shallow.sanctuaries_stereoBRUVs","NCB284","Scaridae","Scarus","chameleon",343.90096,310,"TL",10.9357935483871
"2014-10_Ningaloo.shallow.sanctuaries_stereoBRUVs","NCB295","Scaridae","Hipposcarus","longiceps",665.54285,600,"TL",10.9238083333333
"2014-10_Montebello.sanctuaries_stereoBRUVs","NCB583","Carangidae","Selaroides","leptolepis",243.82006,220,"TL",10.8273
"2015-09_Dampier.Archipelago_stereoBRUVs","MNCB348","Plotosidae","Paraplotosus","butleri",359.74451,325,"SL",10.6906184615385
"2015-09_Dampier.transect_stereoBRUVs","NCB1487","Caesionidae","Pterocaesio","chrysozona",231.81969,210,"TL",10.3903285714286
"2014-10_Exmouth.to.Dampier.deep_stereoBRUVs","NCB489","Carangidae","Selaroides","leptolepis",242.70298,220,"TL",10.3195363636364
"2015-09_Mackerel.Islands.shallow_stereoBRUVs","MNCB278","Labridae","Hemigymnus","fasciatus",330.67687,300,"TL",10.2256233333333
"2015-01_Montebello.transect_stereoBRUVs","NCB636","Trichonotidae","Trichonotus","setiger",242.14028,220,"TL",10.0637636363636
"2015-01_Montebello.transect_stereoBRUVs","NCB617","Labridae","Leptojulis","cyanopleura",143.02624,130,"TL",10.0201846153846
"2015-01_Montebello.transect_stereoBRUVs","NCB649","Carangidae","Atule","mate",329.89709,300,"TL",9.96569666666666
"2015-09_Dampier.transect_stereoBRUVs","NCB1460","Carangidae","Atule","mate",329.5054,300,"TL",9.83513333333334
"2014-05_Exmouth.to.Dampier.shallow_stereoBRUVs","NCB193","Chaetodontidae","Heniochus","acuminatus",274.35917,250,"TL",9.743668
"2014-10_Ningaloo.shallow.sanctuaries_stereoBRUVs","NCB371","Caesionidae","Pterocaesio","digramma",329.15149,300,"TL",9.71716333333334
"2014-05_Exmouth.to.Dampier.shallow_stereoBRUVs","NCB172","Carangidae","Selaroides","leptolepis",241.31635,220,"TL",9.68925
"2014-10_Montebello.sanctuaries_stereoBRUVs","NCB563","Chaetodontidae","Chaetodon","unimaculatus",219.28918,200,"TL",9.64458999999999
"2014-10_Exmouth.to.Dampier.deep_stereoBRUVs","NCB443","Tetraodontidae","Lagocephalus","lunaris",493.26512,450,"SL",9.61447111111112
"2015-01_Montebello.transect_stereoBRUVs","NCB706","Carangidae","Atule","mate",328.61849,300,"TL",9.53949666666667
"2014-10_Ningaloo.shallow.sanctuaries_stereoBRUVs","NCB338","Pomacentridae","Dascyllus","trimaculatus",153.19651,140,"TL",9.42607857142857
"2014-10_Montebello.sanctuaries_stereoBRUVs","NCB529","Labridae","Anampses","lennardi",306.36838,280,"TL",9.41727857142857
"2015-09_Dampier.Archipelago_stereoBRUVs","MNCB332","Nemipteridae","Scaevius","milii",218.80919,200,"SL",9.404595
"2014-10_Ningaloo.shallow.sanctuaries_stereoBRUVs","NCB358","Acanthuridae","Acanthurus","olivaceus",382.60649,350,"TL",9.31614
"2014-10_Ningaloo.shallow.sanctuaries_stereoBRUVs","NCB303","Pinguipedidae","Parapercis","clathrata",261.82593,240,"TL",9.09413750000001
"2014-10_Exmouth.to.Dampier.deep_stereoBRUVs","NCB441","Tetraodontidae","Lagocephalus","lunaris",490.67457,450,"SL",9.03879333333334
"2014-10_Ningaloo.shallow.sanctuaries_stereoBRUVs","NCB372","Siganidae","Siganus","trispilos",272.5761,250,"TL",9.03044
"2015-09_Dampier.transect_stereoBRUVs","NCB1462","Synodontidae","Saurida","undosquamis",545.12989,500,"SL",9.02597800000001
"2014-10_Ningaloo.shallow.sanctuaries_stereoBRUVs","NCB277","Caesionidae","Pterocaesio","tile",327.04402,300,"TL",9.01467333333333
"2014-10_Ningaloo.shallow.sanctuaries_stereoBRUVs","NCB288","Scaridae","Scarus","schlegeli",435.91019,400,"TL",8.9775475
"2015-01_Montebello.transect_stereoBRUVs","NCB720","Cirrhitidae","Cirrhitichthys","falco",76.28051,70,"TL",8.97215714285715
"2015-09_Dampier.Archipelago_stereoBRUVs","MNCB332","Labridae","Halichoeres","nebulosus",130.72893,120,"TL",8.94077499999999
"2014-10_Exmouth.to.Dampier.deep_stereoBRUVs","NCB463","Serranidae","Epinephelus","bilobatus",435.36403,400,"TL",8.8410075
"2014-05_Exmouth.to.Dampier.shallow_stereoBRUVs","NCB190","Lethrinidae","Lethrinus","variegatus",217.67569,200,"TL",8.837845
"2015-01_Montebello.transect_stereoBRUVs","NCB642","Labridae","Pseudojuloides","severnsi",99.57422,91.5,"SL",8.82428415300546
"2014-10_Exmouth.to.Dampier.deep_stereoBRUVs","NCB426","Carangidae","Carangoides","chrysophrys",782.8302,720,"FL",8.72641666666667
"2014-10_Exmouth.to.Dampier.deep_stereoBRUVs","NCB442","Tetraodontidae","Lagocephalus","lunaris",489.20747,450,"SL",8.71277111111111
"2014-10_Exmouth.to.Dampier.deep_stereoBRUVs","NCB433","Tetraodontidae","Lagocephalus","lunaris",489.17364,450,"SL",8.70525333333333
"2014-10_Ningaloo.shallow.sanctuaries_stereoBRUVs","NCB362","Lethrinidae","Lethrinus","nebulosus",945.70445,870,"TL",8.70166091954022
"2015-01_Montebello.transect_stereoBRUVs","NCB656","Labridae","Pseudojuloides","severnsi",99.38933,91.5,"SL",8.62221857923497
"2015-09_Mackerel.Islands.shallow_stereoBRUVs","NCB1438","Monacanthidae","Paramonacanthus","choirocephalus",162.78002,150,"SL",8.52001333333334
"2014-10_Exmouth.to.Dampier.deep_stereoBRUVs","NCB441","Tetraodontidae","Lagocephalus","lunaris",487.87457,450,"SL",8.41657111111111
"2015-09_Exmouth.Gulf_stereoBRUVs","MNCB219","Tetraodontidae","Feroxodon","multistriatus",422.74597,390,"TL",8.39640256410256
"2014-10_Ningaloo.shallow.sanctuaries_stereoBRUVs","NCB369","Caesionidae","Pterocaesio","tile",324.76455,300,"TL",8.25485
"2015-09_Mackerel.Islands.shallow_stereoBRUVs","NCB1431","Tetraodontidae","Feroxodon","multistriatus",422.06151,390,"TL",8.2209
"2014-10_Ningaloo.shallow.sanctuaries_stereoBRUVs","NCB295","Siganidae","Siganus","trispilos",270.54211,250,"TL",8.21684399999999
"2015-09_Dampier.Archipelago_stereoBRUVs","NCB1515","Lethrinidae","Lethrinus","variegatus",216.39149,200,"TL",8.195745
"2015-09_Dampier.transect_stereoBRUVs","NCB1487","Caesionidae","Pterocaesio","chrysozona",227.02141,210,"TL",8.10543333333334
"2015-01_Montebello.transect_stereoBRUVs","NCB653","Carangidae","Atule","mate",323.98624,300,"TL",7.99541333333334
"2014-10_Ningaloo.shallow.sanctuaries_stereoBRUVs","NCB295","Siganidae","Siganus","trispilos",269.91511,250,"TL",7.96604400000001
"2014-05_Exmouth.to.Dampier.shallow_stereoBRUVs","NCB192","Pomacentridae","Pomacentrus","coelestis",97.15825,90,"TL",7.95361111111111
"2015-01_Montebello.transect_stereoBRUVs","NCB652","Pomacanthidae","Chaetodontoplus","duboulayi",302.17915,280,"TL",7.921125
"2015-09_Mackerel.Islands.shallow_stereoBRUVs","MNCB315","Monacanthidae","Paramonacanthus","choirocephalus",161.87566,150,"SL",7.91710666666667
"2015-09_Dampier.transect_stereoBRUVs","NCB1470","Synodontidae","Saurida","undosquamis",539.45478,500,"SL",7.89095600000001
"2014-10_Ningaloo.shallow.sanctuaries_stereoBRUVs","NCB304","Siganidae","Siganus","trispilos",269.70081,250,"TL",7.880324
"2014-05_Exmouth.to.Dampier.shallow_stereoBRUVs","NCB125","Acanthuridae","Acanthurus","grammoptilus",377.49339,350,"TL",7.85525428571428
"2015-01_Montebello.transect_stereoBRUVs","NCB653","Carangidae","Atule","mate",323.49004,300,"TL",7.83001333333334
"2014-10_Exmouth.to.Dampier.deep_stereoBRUVs","NCB451","Lethrinidae","Lethrinus","ravus",323.48684,300,"SL",7.82894666666666
"2014-05_Exmouth.to.Dampier.shallow_stereoBRUVs","NCB32","Pomacentridae","Chromis","fumea",107.81304,100,"SL",7.81304
"2014-05_Exmouth.to.Dampier.shallow_stereoBRUVs","NCB210","Carangidae","Atule","mate",323.43852,300,"TL",7.81283999999999
"2014-10_Ningaloo.shallow.sanctuaries_stereoBRUVs","NCB345","Pomacentridae","Dascyllus","trimaculatus",150.8315,140,"TL",7.73678571428572
"2014-10_Exmouth.to.Dampier.deep_stereoBRUVs","NCB487","Tetraodontidae","Lagocephalus","lunaris",484.08354,450,"SL",7.57412000000001
"2014-05_Exmouth.to.Dampier.shallow_stereoBRUVs","NCB261","Ephippidae","Zabidius","novemaculeatus",483.92994,450,"TL",7.53998666666666
"2014-05_Exmouth.to.Dampier.shallow_stereoBRUVs","NCB117","Acanthuridae","Acanthurus","grammoptilus",376.25165,350,"TL",7.50047142857142
"2014-05_Exmouth.to.Dampier.shallow_stereoBRUVs","NCB137","Scaridae","Scarus","rivulatus",429.91249,400,"SL",7.4781225
"2014-10_Exmouth.to.Dampier.deep_stereoBRUVs","NCB442","Tetraodontidae","Lagocephalus","lunaris",483.615,450,"SL",7.47
"2014-05_Exmouth.to.Dampier.shallow_stereoBRUVs","NCB225","Labridae","Anampses","melanurus",128.93549,120,"TL",7.44624166666666
"2014-05_Exmouth.to.Dampier.shallow_stereoBRUVs","NCB47","Labridae","Anampses","lennardi",300.79615,280,"TL",7.42719642857143
"2014-05_Exmouth.to.Dampier.shallow_stereoBRUVs","NCB208","Pomacanthidae","Pomacanthus","semicirculatus",429.68089,400,"SL",7.42022249999999
"2015-01_Montebello.transect_stereoBRUVs","NCB629","Carangidae","Atule","mate",322.21554,300,"TL",7.40517999999999
"2015-09_Mackerel.Islands.shallow_stereoBRUVs","NCB1439","Monacanthidae","Paramonacanthus","choirocephalus",161.03855,150,"SL",7.35903333333332
"2015-01_Montebello.transect_stereoBRUVs","NCB649","Carangidae","Atule","mate",322.02228,300,"TL",7.34076000000001
"2015-01_Montebello.transect_stereoBRUVs","NCB649","Carangidae","Atule","mate",322.00292,300,"TL",7.33430666666667
"2014-10_Montebello.sanctuaries_stereoBRUVs","NCB583","Carangidae","Selaroides","leptolepis",236.06961,220,"TL",7.30436818181819
"2014-10_Exmouth.to.Dampier.deep_stereoBRUVs","NCB435","Tetraodontidae","Lagocephalus","lunaris",482.78739,450,"SL",7.28608666666667
"2015-09_Dampier.Archipelago_stereoBRUVs","MNCB341","Lethrinidae","Lethrinus","variegatus",214.38143,200,"TL",7.190715
"2014-10_Ningaloo.shallow.sanctuaries_stereoBRUVs","NCB289","Siganidae","Siganus","trispilos",267.88489,250,"TL",7.15395599999999
"2014-05_Exmouth.to.Dampier.shallow_stereoBRUVs","NCB52","Labridae","Choerodon","cauteroma",460.70838,430,"TL",7.14148372093023
"2014-10_Ningaloo.shallow.sanctuaries_stereoBRUVs","NCB339","Acanthuridae","Acanthurus","grammoptilus",374.94305,350,"TL",7.12658571428572
"2015-01_Montebello.transect_stereoBRUVs","NCB706","Labridae","Cirrhilabrus","temminckii",124.2539,116,"FL",7.11543103448276
"2014-10_Ningaloo.shallow.sanctuaries_stereoBRUVs","NCB288","Acanthuridae","Acanthurus","nigrofuscus",224.83735,210,"TL",7.06540476190476
"2015-09_Dampier.transect_stereoBRUVs","NCB1475","Synodontidae","Saurida","undosquamis",535.29239,500,"SL",7.05847799999999
"2014-05_Exmouth.to.Dampier.shallow_stereoBRUVs","NCB122","Carangidae","Selaroides","leptolepis",235.4716,220,"TL",7.03254545454545
"2015-09_Mackerel.Islands.shallow_stereoBRUVs","MNCB312","Pomacentridae","Pomacentrus","milleri",107.03169,100,"SL",7.03169
"2015-09_Dampier.Archipelago_stereoBRUVs","NCB1516","Carangidae","Atule","mate",320.72026,300,"TL",6.90675333333333
"2014-05_Exmouth.to.Dampier.shallow_stereoBRUVs","NCB4","Carangidae","Atule","mate",320.42481,300,"TL",6.80826999999999
"2015-09_Exmouth.Gulf_stereoBRUVs","MNCB213","Carangidae","Selaroides","leptolepis",234.96956,220,"TL",6.80434545454545
"2015-01_Montebello.transect_stereoBRUVs","NCB652","Labridae","Leptojulis","cyanopleura",138.7864,130,"TL",6.75876923076922
"2014-05_Exmouth.to.Dampier.shallow_stereoBRUVs","NCB247","Acanthuridae","Acanthurus","grammoptilus",373.60736,350,"TL",6.74496000000001
"2015-01_Montebello.transect_stereoBRUVs","NCB670","Lethrinidae","Lethrinus","ravus",320.04459,300,"SL",6.68153000000001
"2014-10_Ningaloo.shallow.sanctuaries_stereoBRUVs","NCB277","Labridae","Labroides","bicolor",159.99175,150,"TL",6.66116666666666
"2014-10_Exmouth.to.Dampier.deep_stereoBRUVs","NCB451","Acanthuridae","Acanthurus","mata",533.25608,500,"TL",6.651216
"2014-10_Exmouth.to.Dampier.deep_stereoBRUVs","NCB447","Serranidae","Epinephelus","bilobatus",426.44531,400,"TL",6.6113275
"2014-05_Exmouth.to.Dampier.shallow_stereoBRUVs","NCB61","Labridae","Anampses","lennardi",298.4033,280,"TL",6.57260714285714
"2015-09_Exmouth.Gulf_stereoBRUVs","NCB1295","Tetraodontidae","Lagocephalus","lunaris",479.52819,450,"SL",6.56182
"2015-01_Montebello.transect_stereoBRUVs","NCB707","Carangidae","Atule","mate",319.62455,300,"TL",6.54151666666667
"2014-05_Exmouth.to.Dampier.shallow_stereoBRUVs","NCB35","Carangidae","Atule","mate",319.56521,300,"TL",6.52173666666666
"2015-09_Dampier.Archipelago_stereoBRUVs","NCB1508","Carangidae","Atule","mate",319.39004,300,"TL",6.46334666666667
"2014-10_Ningaloo.shallow.sanctuaries_stereoBRUVs","NCB343","Labridae","Halichoeres","nebulosus",127.71605,120,"TL",6.43004166666666
"2014-10_Ningaloo.shallow.sanctuaries_stereoBRUVs","NCB304","Labridae","Anampses","melanurus",127.62886,120,"TL",6.35738333333334
"2014-10_Ningaloo.shallow.sanctuaries_stereoBRUVs","NCB364","Caesionidae","Pterocaesio","tile",318.97422,300,"TL",6.32474
"2014-10_Ningaloo.shallow.sanctuaries_stereoBRUVs","NCB277","Caesionidae","Pterocaesio","tile",318.88788,300,"TL",6.29596
"2014-10_Ningaloo.shallow.sanctuaries_stereoBRUVs","NCB371","Acanthuridae","Acanthurus","mata",531.37723,500,"TL",6.27544600000001
"2014-10_Montebello.sanctuaries_stereoBRUVs","NCB572","Chaetodontidae","Chaetodon","aureofasciatus",159.39688,150,"TL",6.26458666666667
"2014-10_Ningaloo.shallow.sanctuaries_stereoBRUVs","NCB300","Labridae","Halichoeres","nebulosus",127.50923,120,"TL",6.25769166666667
"2014-05_Exmouth.to.Dampier.shallow_stereoBRUVs","NCB224","Labridae","Pseudocheilinus","evanidus",95.59572,90,"TL",6.21746666666667
"2015-09_Dampier.Archipelago_stereoBRUVs","NCB1523","Siganidae","Siganus","fuscescens",423.99547,400,"TL",5.9988675
"2015-09_Dampier.Archipelago_stereoBRUVs","NCB1523","Carangidae","Atule","mate",317.95798,300,"TL",5.98599333333334
"2015-09_Exmouth.Gulf_stereoBRUVs","MNCB228","Lethrinidae","Lethrinus","variegatus",211.96727,200,"TL",5.98363500000001
"2015-01_Montebello.transect_stereoBRUVs","NCB665","Labridae","Pseudojuloides","severnsi",96.94132,91.5,"SL",5.94679781420766
"2015-09_Dampier.Archipelago_stereoBRUVs","MNCB326","Nemipteridae","Scaevius","milii",211.82762,200,"SL",5.91381
"2015-09_Dampier.transect_stereoBRUVs","NCB1538","Tetraodontidae","Lagocephalus","lunaris",476.40076,450,"SL",5.86683555555555
"2015-01_Montebello.transect_stereoBRUVs","NCB654","Lethrinidae","Lethrinus","ravus",317.55752,300,"SL",5.85250666666667
"2015-09_Dampier.transect_stereoBRUVs","NCB1468","Carangidae","Selaroides","leptolepis",232.7134,220,"TL",5.77881818181818
"2014-10_Ningaloo.shallow.sanctuaries_stereoBRUVs","NCB373","Caesionidae","Pterocaesio","tile",317.22319,300,"TL",5.74106333333333
"2014-05_Exmouth.to.Dampier.shallow_stereoBRUVs","NCB193","Scaridae","Chlorurus","sordidus",422.94287,400,"TL",5.73571750000001
"2014-05_Exmouth.to.Dampier.shallow_stereoBRUVs","NCB199","Carangidae","Atule","mate",317.19344,300,"TL",5.73114666666667
"2014-10_Exmouth.to.Dampier.deep_stereoBRUVs","NCB433","Tetraodontidae","Lagocephalus","lunaris",475.67792,450,"SL",5.70620444444444
"2014-10_Ningaloo.shallow.sanctuaries_stereoBRUVs","NCB300","Carangidae","Atule","mate",317.1149,300,"TL",5.70496666666666
"2015-01_Montebello.transect_stereoBRUVs","NCB623","Labridae","Hemigymnus","fasciatus",317.0988,300,"TL",5.69959999999999
"2014-10_Exmouth.to.Dampier.deep_stereoBRUVs","NCB463","Lethrinidae","Lethrinus","ravus",316.90141,300,"SL",5.63380333333333
"2014-10_Exmouth.to.Dampier.deep_stereoBRUVs","NCB451","Acanthuridae","Acanthurus","mata",528.03594,500,"TL",5.607188
"2015-09_Dampier.transect_stereoBRUVs","NCB1479","Labridae","Bodianus","solatus",369.45019,350,"SL",5.55719714285715
"2014-05_Exmouth.to.Dampier.shallow_stereoBRUVs","NCB149","Labridae","Anampses","lennardi",295.52472,280,"TL",5.54454285714286
"2014-05_Exmouth.to.Dampier.shallow_stereoBRUVs","NCB192","Labridae","Cirrhilabrus","temminckii",122.18123,116,"FL",5.32864655172414
"2014-05_Exmouth.to.Dampier.shallow_stereoBRUVs","NCB167","Pomacanthidae","Pomacanthus","semicirculatus",421.22645,400,"SL",5.3066125
"2014-10_Exmouth.to.Dampier.deep_stereoBRUVs","NCB468","Lethrinidae","Lethrinus","ravus",315.88296,300,"SL",5.29432000000001
"2014-05_Exmouth.to.Dampier.shallow_stereoBRUVs","NCB203","Pomacentridae","Pomacentrus","limosus",94.73302,90,"SL",5.25891111111111
"2015-01_Montebello.transect_stereoBRUVs","NCB706","Carangidae","Atule","mate",315.56205,300,"TL",5.18735
"2015-09_Mackerel.Islands.shallow_stereoBRUVs","MNCB299","Lethrinidae","Lethrinus","genivittatus",262.88488,250,"TL",5.153952
"2015-09_Exmouth.Gulf_stereoBRUVs","MNCB256","Pomacentridae","Pomacentrus","milleri",105.11462,100,"SL",5.11462
"2015-09_Exmouth.Gulf_stereoBRUVs","NCB1281","Nemipteridae","Scaevius","milii",210.16408,200,"SL",5.08204000000001
"2015-01_Montebello.transect_stereoBRUVs","NCB649","Carangidae","Atule","mate",315.19184,300,"TL",5.06394666666667
"2014-10_Ningaloo.shallow.sanctuaries_stereoBRUVs","NCB295","Acanthuridae","Ctenochaetus","striatus",273.12991,260,"TL",5.04996538461538
"2015-09_Dampier.transect_stereoBRUVs","NCB1536","Pomacentridae","Pomacentrus","nigromanus",94.50163,90,"TL",5.00181111111112
"2015-09_Mackerel.Islands.shallow_stereoBRUVs","MNCB292","Balistidae","Sufflamen","chrysopterum",314.95374,300,"TL",4.98457999999999
"2014-10_Exmouth.to.Dampier.deep_stereoBRUVs","NCB463","Apogonidae","Ostorhinchus","fasciatus",77.59689,73.9166666666667,NA,4.97888162344983
"2014-10_Montebello.sanctuaries_stereoBRUVs","NCB557","Labridae","Hemigymnus","fasciatus",314.79991,300,"TL",4.93330333333334
"2015-01_Montebello.transect_stereoBRUVs","NCB676","Chaetodontidae","Chaetodon","lunula",209.84863,200,"TL",4.92431500000001
"2015-09_Mackerel.Islands.shallow_stereoBRUVs","MNCB278","Pomacentridae","Neopomacentrus","azysron",78.65907,75,"TL",4.87876
"2014-05_Exmouth.to.Dampier.shallow_stereoBRUVs","NCB172","Carangidae","Selaroides","leptolepis",230.68561,220,"TL",4.85709545454545
"2015-09_Dampier.Archipelago_stereoBRUVs","NCB1505","Carangidae","Atule","mate",314.40576,300,"TL",4.80192
"2014-05_Exmouth.to.Dampier.shallow_stereoBRUVs","NCB189","Labridae","Stethojulis","bandanensis",157.17076,150,"TL",4.78050666666667
"2014-10_Ningaloo.shallow.sanctuaries_stereoBRUVs","NCB277","Scaridae","Scarus","schlegeli",419.09956,400,"TL",4.77489
"2014-05_Exmouth.to.Dampier.shallow_stereoBRUVs","NCB35","Scaridae","Chlorurus","rhakoura",463.0811,442,"SL",4.76947963800905
"2014-05_Exmouth.to.Dampier.shallow_stereoBRUVs","NCB11","Plotosidae","Paraplotosus","butleri",340.49837,325,"SL",4.76872923076924
"2014-05_Exmouth.to.Dampier.shallow_stereoBRUVs","NCB22","Carangidae","Atule","mate",314.265,300,"TL",4.755
"2014-05_Exmouth.to.Dampier.shallow_stereoBRUVs","NCB35","Scaridae","Scarus","rivulatus",418.5932,400,"SL",4.64830000000001
"2014-10_Ningaloo.shallow.sanctuaries_stereoBRUVs","NCB371","Acanthuridae","Acanthurus","mata",523.15818,500,"TL",4.631636
"2014-05_Exmouth.to.Dampier.shallow_stereoBRUVs","NCB152","Chaetodontidae","Chaetodon","aureofasciatus",156.91994,150,"TL",4.61329333333333
"2014-10_Montebello.sanctuaries_stereoBRUVs","NCB566","Siganidae","Siganus","trispilos",261.42881,250,"TL",4.571524
"2015-01_Montebello.transect_stereoBRUVs","NCB649","Carangidae","Atule","mate",313.68623,300,"TL",4.56207666666667
"2015-01_Montebello.transect_stereoBRUVs","NCB666","Pomacanthidae","Chaetodontoplus","duboulayi",292.71355,280,"TL",4.54055357142857
"2015-09_Exmouth.Gulf_stereoBRUVs","MNCB221","Labridae","Macropharyngodon","meleagris",156.77873,150,"SL",4.51915333333333
"2015-01_Montebello.transect_stereoBRUVs","NCB666","Labridae","Choerodon","jordani",177.6611,170,"TL",4.50652941176471
"2014-10_Ningaloo.shallow.sanctuaries_stereoBRUVs","NCB305","Siganidae","Siganus","trispilos",260.9401,250,"TL",4.37603999999999
"2015-09_Dampier.transect_stereoBRUVs","NCB1471","Synodontidae","Saurida","undosquamis",521.51183,500,"SL",4.30236600000001
"2014-05_Exmouth.to.Dampier.shallow_stereoBRUVs","NCB154","Pomacentridae","Pomacentrus","coelestis",93.86961,90,"TL",4.29956666666666
"2014-10_Exmouth.to.Dampier.deep_stereoBRUVs","NCB463","Scaridae","Chlorurus","capistratoides",417.19172,400,"TL",4.29792999999999
"2014-10_Ningaloo.shallow.sanctuaries_stereoBRUVs","NCB371","Acanthuridae","Acanthurus","mata",521.45642,500,"TL",4.291284
"2014-10_Ningaloo.shallow.sanctuaries_stereoBRUVs","NCB277","Caesionidae","Pterocaesio","tile",312.77227,300,"TL",4.25742333333333
"2015-09_Dampier.Archipelago_stereoBRUVs","NCB1528","Labridae","Bodianus","axillaris",208.4188,200,"SL",4.2094
"2015-09_Dampier.Archipelago_stereoBRUVs","MNCB349","Tetraodontidae","Feroxodon","multistriatus",406.38136,390,"TL",4.20034871794871
"2014-10_Ningaloo.shallow.sanctuaries_stereoBRUVs","NCB304","Tetraodontidae","Arothron","reticularis",468.83474,450,"SL",4.18549777777778
"2014-05_Exmouth.to.Dampier.shallow_stereoBRUVs","NCB137","Scaridae","Scarus","rivulatus",416.66248,400,"SL",4.16562
"2015-01_Montebello.transect_stereoBRUVs","NCB649","Carangidae","Atule","mate",312.47501,300,"TL",4.15833666666667
"2014-10_Exmouth.to.Dampier.deep_stereoBRUVs","NCB463","Lethrinidae","Lethrinus","ravus",312.41971,300,"SL",4.13990333333334
"2014-10_Ningaloo.shallow.sanctuaries_stereoBRUVs","NCB332","Pomacanthidae","Pomacanthus","semicirculatus",416.50258,400,"SL",4.12564500000001
"2014-10_Ningaloo.shallow.sanctuaries_stereoBRUVs","NCB294","Scaridae","Scarus","schlegeli",416.40009,400,"TL",4.10002249999999
"2014-05_Exmouth.to.Dampier.shallow_stereoBRUVs","NCB117","Chaetodontidae","Chaetodon","lunula",208.18342,200,"TL",4.09171000000001
"2014-10_Ningaloo.shallow.sanctuaries_stereoBRUVs","NCB299","Monacanthidae","Cantherhines","pardalis",260.14237,250,"TL",4.05694800000001
"2014-10_Ningaloo.shallow.sanctuaries_stereoBRUVs","NCB369","Caesionidae","Pterocaesio","tile",311.96781,300,"TL",3.98927
"2014-10_Ningaloo.shallow.sanctuaries_stereoBRUVs","NCB362","Scaridae","Chlorurus","microrhinos",727.89506,700,"TL",3.98500857142856
"2015-09_Dampier.transect_stereoBRUVs","NCB1477","Carangidae","Selaroides","leptolepis",228.74997,220,"TL",3.97725909090909
"2015-01_Montebello.transect_stereoBRUVs","NCB652","Carangidae","Atule","mate",311.86749,300,"TL",3.95582999999999
"2014-10_Ningaloo.shallow.sanctuaries_stereoBRUVs","NCB316","Pomacentridae","Abudefduf","vaigiensis",207.88237,200,"TL",3.941185
"2014-10_Montebello.sanctuaries_stereoBRUVs","NCB596","Serranidae","Epinephelus","bilobatus",415.73671,400,"TL",3.9341775
"2015-01_Montebello.transect_stereoBRUVs","NCB650","Serranidae","Epinephelus","bilobatus",415.70222,400,"TL",3.925555
"2015-09_Dampier.transect_stereoBRUVs","NCB1491","Serranidae","Epinephelus","bilobatus",415.68696,400,"TL",3.92174
"2015-09_Dampier.transect_stereoBRUVs","NCB1457","Tetraodontidae","Lagocephalus","lunaris",467.50374,450,"SL",3.88972
"2014-05_Exmouth.to.Dampier.shallow_stereoBRUVs","NCB155","Pomacentridae","Chromis","fumea",103.88569,100,"SL",3.88569
"2014-10_Exmouth.to.Dampier.deep_stereoBRUVs","NCB491","Tetraodontidae","Lagocephalus","lunaris",467.06794,450,"SL",3.79287555555556
"2015-01_Montebello.transect_stereoBRUVs","NCB619","Labridae","Leptojulis","cyanopleura",134.90639,130,"TL",3.77414615384614
"2014-10_Ningaloo.shallow.sanctuaries_stereoBRUVs","NCB341","Pomacentridae","Dascyllus","trimaculatus",145.26417,140,"TL",3.76012142857143
"2014-05_Exmouth.to.Dampier.shallow_stereoBRUVs","NCB182","Lutjanidae","Lutjanus","carponotatus",415.03673,400,"TL",3.75918249999999
"2015-01_Montebello.transect_stereoBRUVs","NCB647","Lethrinidae","Lethrinus","ravus",311.04726,300,"SL",3.68242
"2015-01_Montebello.transect_stereoBRUVs","NCB672","Lethrinidae","Lethrinus","ravus",310.84235,300,"SL",3.61411666666667
"2014-05_Exmouth.to.Dampier.shallow_stereoBRUVs","NCB152","Pomacentridae","Dascyllus","trimaculatus",144.94674,140,"TL",3.53338571428572
"2014-10_Exmouth.to.Dampier.deep_stereoBRUVs","NCB486","Tetraodontidae","Lagocephalus","lunaris",465.86777,450,"SL",3.52617111111111
"2014-10_Ningaloo.shallow.sanctuaries_stereoBRUVs","NCB315","Pomacentridae","Abudefduf","vaigiensis",206.97488,200,"TL",3.48744000000001
"2014-05_Exmouth.to.Dampier.shallow_stereoBRUVs","NCB196","Pomacanthidae","Centropyge","tibicen",196.59057,190,"TL",3.46872105263159
"2014-10_Ningaloo.shallow.sanctuaries_stereoBRUVs","NCB371","Chaetodontidae","Chaetodon","meyeri",206.93256,200,"TL",3.46628
"2015-01_Montebello.transect_stereoBRUVs","NCB650","Monacanthidae","Cantherhines","fronticinctus",258.64922,250,"TL",3.45968800000001
"2014-05_Exmouth.to.Dampier.shallow_stereoBRUVs","NCB35","Carangidae","Atule","mate",310.26727,300,"TL",3.42242333333333
"2014-10_Ningaloo.shallow.sanctuaries_stereoBRUVs","NCB304","Chaetodontidae","Chaetodon","unimaculatus",206.75129,200,"TL",3.37564500000001
"2014-10_Ningaloo.shallow.sanctuaries_stereoBRUVs","NCB277","Caesionidae","Pterocaesio","tile",309.97516,300,"TL",3.32505333333334
"2014-10_Ningaloo.shallow.sanctuaries_stereoBRUVs","NCB372","Caesionidae","Pterocaesio","tile",309.64233,300,"TL",3.21411000000001
"2014-10_Ningaloo.shallow.sanctuaries_stereoBRUVs","NCB368","Acanthuridae","Naso","hexacanthus",773.99946,750,"FL",3.199928
"2014-10_Ningaloo.shallow.sanctuaries_stereoBRUVs","NCB307","Siganidae","Siganus","trispilos",257.94465,250,"TL",3.17786000000001
"2014-05_Exmouth.to.Dampier.shallow_stereoBRUVs","NCB47","Siganidae","Siganus","doliatus",309.52289,300,"SL",3.17429666666667
"2015-09_Mackerel.Islands.shallow_stereoBRUVs","MNCB281","Mullidae","Parupeneus","indicus",464.15483,450,"TL",3.14551777777778
"2014-10_Exmouth.to.Dampier.deep_stereoBRUVs","NCB443","Tetraodontidae","Lagocephalus","lunaris",464.02376,450,"SL",3.11639111111111
"2014-10_Exmouth.to.Dampier.deep_stereoBRUVs","NCB441","Tetraodontidae","Lagocephalus","lunaris",463.77481,450,"SL",3.06106888888889
"2014-10_Ningaloo.shallow.sanctuaries_stereoBRUVs","NCB311","Siganidae","Siganus","trispilos",257.65121,250,"TL",3.060484
"2014-05_Exmouth.to.Dampier.shallow_stereoBRUVs","NCB137","Scaridae","Scarus","rivulatus",412.21678,400,"SL",3.05419500000001
"2015-09_Mackerel.Islands.shallow_stereoBRUVs","MNCB299","Lethrinidae","Lethrinus","genivittatus",257.62682,250,"TL",3.050728
"2014-05_Exmouth.to.Dampier.shallow_stereoBRUVs","NCB117","Lutjanidae","Lutjanus","carponotatus",412.18229,400,"TL",3.04557250000001
"2014-10_Ningaloo.shallow.sanctuaries_stereoBRUVs","NCB304","Siganidae","Siganus","trispilos",257.61049,250,"TL",3.04419600000001
"2015-09_Dampier.Archipelago_stereoBRUVs","NCB1554","Chaetodontidae","Chaetodon","aureofasciatus",154.55346,150,"TL",3.03564
"2014-05_Exmouth.to.Dampier.shallow_stereoBRUVs","NCB215","Scaridae","Hipposcarus","longiceps",618.19573,600,"TL",3.03262166666667
"2015-09_Dampier.transect_stereoBRUVs","NCB1460","Synodontidae","Saurida","undosquamis",515.12841,500,"SL",3.02568200000001
"2014-05_Exmouth.to.Dampier.shallow_stereoBRUVs","NCB179","Scaridae","Scarus","chameleon",319.16586,310,"TL",2.95672903225807
"2014-05_Exmouth.to.Dampier.shallow_stereoBRUVs","NCB228","Nemipteridae","Pentapodus","porosus",277.72527,270,"TL",2.86121111111112
"2015-01_Montebello.transect_stereoBRUVs","NCB665","Lethrinidae","Lethrinus","ravus",308.57353,300,"SL",2.85784333333334
"2014-10_Montebello.sanctuaries_stereoBRUVs","NCB565","Siganidae","Siganus","trispilos",257.13773,250,"TL",2.85509199999999
"2014-10_Ningaloo.shallow.sanctuaries_stereoBRUVs","NCB277","Caesionidae","Pterocaesio","tile",308.43198,300,"TL",2.81066
"2014-05_Exmouth.to.Dampier.shallow_stereoBRUVs","NCB225","Labridae","Hemigymnus","fasciatus",308.41406,300,"TL",2.80468666666667
"2014-05_Exmouth.to.Dampier.shallow_stereoBRUVs","NCB109","Carangidae","Caranx","papuensis",904.27106,880,"TL",2.758075
"2014-05_Exmouth.to.Dampier.shallow_stereoBRUVs","NCB208","Pomacanthidae","Pomacanthus","semicirculatus",411.02199,400,"SL",2.7554975
"2015-09_Exmouth.Gulf_stereoBRUVs","NCB1283","Tetraodontidae","Lagocephalus","lunaris",462.39553,450,"SL",2.75456222222222
"2015-09_Dampier.transect_stereoBRUVs","NCB1496","Lethrinidae","Lethrinus","ravus",308.12899,300,"SL",2.70966333333333
"2014-10_Exmouth.to.Dampier.deep_stereoBRUVs","NCB455","Balistidae","Xanthichthys","lineopunctatus",308.06191,300,"TL",2.68730333333334
"2015-09_Exmouth.Gulf_stereoBRUVs","MNCB199","Plotosidae","Paraplotosus","butleri",333.64152,325,"SL",2.65892923076923
"2014-10_Ningaloo.shallow.sanctuaries_stereoBRUVs","NCB304","Pomacentridae","Stegastes","obreptus",184.76768,180,"SL",2.64871111111112
"2014-10_Montebello.sanctuaries_stereoBRUVs","NCB593","Scaridae","Chlorurus","rhakoura",453.60722,442,"SL",2.62606787330316
"2015-09_Dampier.Archipelago_stereoBRUVs","MNCB354","Pomacentridae","Neoglyphidodon","melas",184.69149,180,"TL",2.60638333333333
"2014-05_Exmouth.to.Dampier.shallow_stereoBRUVs","NCB210","Acanthuridae","Acanthurus","mata",513.01281,500,"TL",2.60256199999999
"2015-09_Dampier.transect_stereoBRUVs","NCB1500","Synodontidae","Saurida","undosquamis",512.99203,500,"SL",2.598406
"2015-01_Montebello.transect_stereoBRUVs","NCB650","Lethrinidae","Lethrinus","ravus",307.76893,300,"SL",2.58964333333334
"2015-09_Dampier.transect_stereoBRUVs","NCB1462","Carangidae","Selaroides","leptolepis",225.66492,220,"TL",2.57496363636363
"2014-10_Ningaloo.shallow.sanctuaries_stereoBRUVs","NCB331","Labridae","Anampses","melanurus",123.08304,120,"TL",2.5692
"2015-09_Dampier.transect_stereoBRUVs","NCB1500","Synodontidae","Saurida","undosquamis",512.83608,500,"SL",2.56721600000001
"2015-01_Montebello.transect_stereoBRUVs","NCB649","Carangidae","Atule","mate",307.6524,300,"TL",2.5508
"2015-01_Montebello.transect_stereoBRUVs","NCB649","Carangidae","Atule","mate",307.52931,300,"TL",2.50977
"2014-05_Exmouth.to.Dampier.shallow_stereoBRUVs","NCB198","Pomacentridae","Chromis","viridis",102.50773,100,"TL",2.50773
"2014-10_Exmouth.to.Dampier.deep_stereoBRUVs","NCB480","Pomacanthidae","Pomacanthus","semicirculatus",410.01404,400,"SL",2.50351000000001
"2014-10_Ningaloo.shallow.sanctuaries_stereoBRUVs","NCB322","Lethrinidae","Lethrinus","variegatus",204.98718,200,"TL",2.49359
"2014-10_Ningaloo.shallow.sanctuaries_stereoBRUVs","NCB312","Labridae","Bodianus","axillaris",204.94837,200,"SL",2.47418500000001
"2014-10_Ningaloo.shallow.sanctuaries_stereoBRUVs","NCB341","Acanthuridae","Acanthurus","olivaceus",358.57654,350,"TL",2.45044000000001
"2014-05_Exmouth.to.Dampier.shallow_stereoBRUVs","NCB159","Pomacentridae","Dascyllus","trimaculatus",143.42452,140,"TL",2.44608571428572
"2015-09_Mackerel.Islands.shallow_stereoBRUVs","MNCB322","Pomacentridae","Pomacentrus","milleri",102.41919,100,"SL",2.41919
"2014-05_Exmouth.to.Dampier.shallow_stereoBRUVs","NCB197","Chaetodontidae","Chaetodon","lunula",204.83078,200,"TL",2.41539
"2014-10_Ningaloo.shallow.sanctuaries_stereoBRUVs","NCB277","Caesionidae","Pterocaesio","tile",307.15029,300,"TL",2.38342999999999
"2014-10_Ningaloo.shallow.sanctuaries_stereoBRUVs","NCB340","Labridae","Hologymnosus","annulatus",409.52752,400,"TL",2.38188
"2014-10_Exmouth.to.Dampier.deep_stereoBRUVs","NCB394","Labridae","Cirrhilabrus","morrisoni",56.30412,55,"SL",2.37112727272727
"2014-10_Exmouth.to.Dampier.deep_stereoBRUVs","NCB472","Lethrinidae","Lethrinus","ravus",306.95392,300,"SL",2.31797333333333
"2014-05_Exmouth.to.Dampier.shallow_stereoBRUVs","NCB230","Pomacentridae","Pomacentrus","coelestis",92.06766,90,"TL",2.2974
"2014-10_Ningaloo.shallow.sanctuaries_stereoBRUVs","NCB334","Labridae","Anampses","melanurus",122.68959,120,"TL",2.241325
"2014-10_Ningaloo.shallow.sanctuaries_stereoBRUVs","NCB382","Pomacentridae","Dascyllus","trimaculatus",143.10822,140,"TL",2.22015714285713
"2014-10_Ningaloo.shallow.sanctuaries_stereoBRUVs","NCB340","Monacanthidae","Cantherhines","pardalis",255.54935,250,"TL",2.21974
"2014-05_Exmouth.to.Dampier.shallow_stereoBRUVs","NCB198","Pomacentridae","Chromis","viridis",102.18289,100,"TL",2.18289
"2014-10_Exmouth.to.Dampier.deep_stereoBRUVs","NCB493","Tetraodontidae","Lagocephalus","lunaris",459.7287,450,"SL",2.16193333333333
"2015-09_Dampier.transect_stereoBRUVs","NCB1499","Synodontidae","Saurida","undosquamis",510.76736,500,"SL",2.153472
"2014-10_Exmouth.to.Dampier.deep_stereoBRUVs","NCB447","Serranidae","Epinephelus","bilobatus",408.56771,400,"TL",2.14192749999999
"2015-09_Mackerel.Islands.shallow_stereoBRUVs","MNCB313","Pomacentridae","Pomacentrus","milleri",102.10737,100,"SL",2.10737
"2015-01_Montebello.transect_stereoBRUVs","NCB656","Labridae","Pseudojuloides","severnsi",93.41308,91.5,"SL",2.09079781420764
"2014-10_Ningaloo.shallow.sanctuaries_stereoBRUVs","NCB372","Chaetodontidae","Heniochus","monoceros",245.00949,240,"TL",2.0872875
"2014-10_Exmouth.to.Dampier.deep_stereoBRUVs","NCB493","Tetraodontidae","Feroxodon","multistriatus",398.08181,390,"TL",2.07225897435898
"2014-05_Exmouth.to.Dampier.shallow_stereoBRUVs","NCB181","Chaetodontidae","Chaetodon","lunulatus",142.81819,140,"TL",2.01299285714285
"2014-05_Exmouth.to.Dampier.shallow_stereoBRUVs","NCB159","Balistidae","Sufflamen","fraenatum",387.44512,380,"TL",1.95924210526315
"2014-10_Exmouth.to.Dampier.deep_stereoBRUVs","NCB459","Chaetodontidae","Heniochus","acuminatus",254.82708,250,"TL",1.930832
"2014-10_Ningaloo.shallow.sanctuaries_stereoBRUVs","NCB320","Tetraodontidae","Lagocephalus","lunaris",458.4962,450,"SL",1.88804444444444
"2015-09_Exmouth.Gulf_stereoBRUVs","MNCB228","Lethrinidae","Lethrinus","variegatus",203.73582,200,"TL",1.86790999999999
"2014-05_Exmouth.to.Dampier.shallow_stereoBRUVs","NCB153","Pomacentridae","Abudefduf","bengalensis",183.32468,180,"TL",1.84704444444444
"2015-09_Dampier.transect_stereoBRUVs","NCB1450","Synodontidae","Saurida","undosquamis",509.16383,500,"SL",1.832766
"2015-09_Dampier.transect_stereoBRUVs","NCB1490","Tetraodontidae","Canthigaster","axiologus",102.84691,101,"SL",1.82862376237623
"2014-05_Exmouth.to.Dampier.shallow_stereoBRUVs","NCB120","Chaetodontidae","Chaetodon","lunula",203.65131,200,"TL",1.825655
"2015-01_Montebello.transect_stereoBRUVs","NCB709","Acanthuridae","Acanthurus","mata",508.96418,500,"TL",1.792836
"2015-01_Montebello.transect_stereoBRUVs","NCB644","Lethrinidae","Lethrinus","ravus",305.25844,300,"SL",1.75281333333334
"2014-05_Exmouth.to.Dampier.shallow_stereoBRUVs","NCB30","Zanclidae","Zanclus","cornutus",234.00416,230,"TL",1.74093913043479
"2015-09_Exmouth.Gulf_stereoBRUVs","MNCB251","Tetraodontidae","Feroxodon","multistriatus",396.73877,390,"TL",1.72788974358974
"2014-10_Ningaloo.shallow.sanctuaries_stereoBRUVs","NCB311","Siganidae","Siganus","trispilos",254.21233,250,"TL",1.684932
"2014-10_Montebello.sanctuaries_stereoBRUVs","NCB597","Chaetodontidae","Chaetodon","lunula",203.36352,200,"TL",1.68176
"2014-05_Exmouth.to.Dampier.shallow_stereoBRUVs","NCB22","Pomacentridae","Pomacentrus","coelestis",91.47824,90,"TL",1.64248888888889
"2014-10_Ningaloo.shallow.sanctuaries_stereoBRUVs","NCB322","Lethrinidae","Lethrinus","variegatus",203.28276,200,"TL",1.64138
"2015-09_Mackerel.Islands.shallow_stereoBRUVs","MNCB314","Siganidae","Siganus","doliatus",304.8851,300,"SL",1.62836666666667
"2015-09_Dampier.transect_stereoBRUVs","NCB1477","Synodontidae","Saurida","undosquamis",507.92048,500,"SL",1.584096
"2015-01_Montebello.transect_stereoBRUVs","NCB722","Lethrinidae","Lethrinus","ravus",304.59401,300,"SL",1.53133666666668
"2015-09_Mackerel.Islands.shallow_stereoBRUVs","MNCB278","Pomacentridae","Neopomacentrus","azysron",76.10794,75,"TL",1.47725333333333
"2014-05_Exmouth.to.Dampier.shallow_stereoBRUVs","NCB188","Serranidae","Epinephelus","bilobatus",405.85522,400,"TL",1.46380499999999
"2014-10_Ningaloo.shallow.sanctuaries_stereoBRUVs","NCB307","Siganidae","Siganus","trispilos",253.54314,250,"TL",1.417256
"2015-09_Dampier.transect_stereoBRUVs","NCB1487","Carangidae","Atule","mate",304.24005,300,"TL",1.41335
"2014-10_Exmouth.to.Dampier.deep_stereoBRUVs","NCB445","Tetraodontidae","Lagocephalus","lunaris",456.27109,450,"SL",1.39357555555556
"2014-05_Exmouth.to.Dampier.shallow_stereoBRUVs","NCB102","Lutjanidae","Lutjanus","carponotatus",405.28808,400,"TL",1.32201999999999
"2014-05_Exmouth.to.Dampier.shallow_stereoBRUVs","NCB120","Chaetodontidae","Chaetodon","lunula",202.58835,200,"TL",1.294175
"2014-05_Exmouth.to.Dampier.shallow_stereoBRUVs","NCB265","Caesionidae","Pterocaesio","tile",303.85751,300,"TL",1.28583666666666
"2014-05_Exmouth.to.Dampier.shallow_stereoBRUVs","NCB131","Acanthuridae","Acanthurus","grammoptilus",354.36409,350,"TL",1.24688285714285
"2014-10_Montebello.sanctuaries_stereoBRUVs","NCB549","Labridae","Anampses","lennardi",283.41112,280,"TL",1.21825714285714
"2014-10_Ningaloo.shallow.sanctuaries_stereoBRUVs","NCB369","Caesionidae","Pterocaesio","tile",303.58372,300,"TL",1.19457333333334
"2015-01_Montebello.transect_stereoBRUVs","NCB633","Tetraodontidae","Feroxodon","multistriatus",394.65163,390,"TL",1.19272564102564
"2015-01_Montebello.transect_stereoBRUVs","NCB685","Pomacanthidae","Pomacanthus","semicirculatus",404.64974,400,"SL",1.162435
"2014-10_Montebello.sanctuaries_stereoBRUVs","NCB597","Lutjanidae","Lutjanus","carponotatus",404.64768,400,"TL",1.16191999999999
"2015-01_Montebello.transect_stereoBRUVs","NCB615","Labridae","Coris","pictoides",151.73833,150,"TL",1.15888666666666
"2014-05_Exmouth.to.Dampier.shallow_stereoBRUVs","NCB172","Labridae","Cirrhilabrus","temminckii",117.22724,116,"FL",1.05796551724137
"2014-05_Exmouth.to.Dampier.shallow_stereoBRUVs","NCB120","Chaetodontidae","Chaetodon","lunulatus",141.46057,140,"TL",1.04326428571428
"2014-10_Ningaloo.shallow.sanctuaries_stereoBRUVs","NCB352","Lethrinidae","Lethrinus","variegatus",201.99802,200,"TL",0.999009999999998
"2014-10_Exmouth.to.Dampier.deep_stereoBRUVs","NCB459","Chaetodontidae","Heniochus","acuminatus",252.47568,250,"TL",0.990272000000004
"2014-05_Exmouth.to.Dampier.shallow_stereoBRUVs","NCB202","Labridae","Hemigymnus","fasciatus",302.92691,300,"TL",0.975636666666674
"2015-09_Dampier.transect_stereoBRUVs","NCB1456","Synodontidae","Saurida","undosquamis",504.87575,500,"SL",0.975149999999997
"2014-05_Exmouth.to.Dampier.shallow_stereoBRUVs","NCB196","Labridae","Anampses","lennardi",282.72185,280,"TL",0.972089285714292
"2014-10_Ningaloo.shallow.sanctuaries_stereoBRUVs","NCB349","Pomacentridae","Pomacentrus","coelestis",90.87227,90,"TL",0.969188888888889
"2014-10_Ningaloo.shallow.sanctuaries_stereoBRUVs","NCB369","Caesionidae","Pterocaesio","tile",302.81475,300,"TL",0.938250000000001
"2014-10_Ningaloo.shallow.sanctuaries_stereoBRUVs","NCB334","Pomacentridae","Dascyllus","trimaculatus",141.28172,140,"TL",0.915514285714291
"2014-10_Ningaloo.shallow.sanctuaries_stereoBRUVs","NCB341","Serranidae","Epinephelus","bilobatus",403.6223,400,"TL",0.905574999999999
"2014-10_Exmouth.to.Dampier.deep_stereoBRUVs","NCB467","Lethrinidae","Lethrinus","ravus",302.71452,300,"SL",0.904839999999998
"2014-10_Exmouth.to.Dampier.deep_stereoBRUVs","NCB464","Chaetodontidae","Heniochus","acuminatus",252.24345,250,"TL",0.897379999999998
"2014-10_Exmouth.to.Dampier.deep_stereoBRUVs","NCB465","Lethrinidae","Lethrinus","ravus",302.69018,300,"SL",0.896726666666666
"2014-05_Exmouth.to.Dampier.shallow_stereoBRUVs","NCB70","Grammistidae","Diploprion","bifasciatum",252.20611,250,"TL",0.882443999999998
"2015-09_Mackerel.Islands.shallow_stereoBRUVs","MNCB292","Labridae","Choerodon","cauteroma",433.21273,430,"TL",0.747146511627912
"2015-09_Dampier.transect_stereoBRUVs","NCB1494","Lethrinidae","Lethrinus","ravus",302.10874,300,"SL",0.702913333333337
"2015-09_Exmouth.Gulf_stereoBRUVs","NCB1296","Tetraodontidae","Lagocephalus","lunaris",453.03023,450,"SL",0.673384444444448
"2014-10_Ningaloo.shallow.sanctuaries_stereoBRUVs","NCB274","Carangidae","Atule","mate",301.92862,300,"TL",0.642873333333341
"2015-09_Dampier.transect_stereoBRUVs","NCB1462","Carangidae","Selaroides","leptolepis",221.40592,220,"TL",0.63905454545455
"2014-05_Exmouth.to.Dampier.shallow_stereoBRUVs","NCB117","Labridae","Anampses","lennardi",281.75713,280,"TL",0.627546428571435
"2014-10_Exmouth.to.Dampier.deep_stereoBRUVs","NCB519","Acanthuridae","Naso","lopezi",603.53074,600,"SL",0.588456666666673
"2014-10_Ningaloo.shallow.sanctuaries_stereoBRUVs","NCB311","Acanthuridae","Naso","unicornis",703.70145,700,"FL",0.528778571428575
"2014-10_Exmouth.to.Dampier.deep_stereoBRUVs","NCB394","Balistidae","Abalistes","stellatus",603.07929,600,"TL",0.513215000000002
"2015-09_Dampier.Archipelago_stereoBRUVs","NCB1510","Lutjanidae","Lutjanus","carponotatus",401.8103,400,"TL",0.452574999999996
"2014-10_Montebello.sanctuaries_stereoBRUVs","NCB572","Lethrinidae","Lethrinus","microdon",803.52411,800,"TL",0.440513749999994
"2014-10_Ningaloo.shallow.sanctuaries_stereoBRUVs","NCB364","Siganidae","Siganus","trispilos",251.07136,250,"TL",0.428543999999999
"2014-05_Exmouth.to.Dampier.shallow_stereoBRUVs","NCB65","Grammistidae","Diploprion","bifasciatum",251.0248,250,"TL",0.40992
"2014-10_Exmouth.to.Dampier.deep_stereoBRUVs","NCB501","Carangidae","Carangoides","caeruleopinnatus",411.51602,410,"TL",0.369760975609762
"2015-09_Mackerel.Islands.shallow_stereoBRUVs","NCB1418","Pomacentridae","Abudefduf","bengalensis",180.65512,180,"TL",0.363955555555562
"2015-09_Exmouth.Gulf_stereoBRUVs","MNCB255","Pomacentridae","Pomacentrus","milleri",100.36202,100,"SL",0.362020000000001
"2014-10_Ningaloo.shallow.sanctuaries_stereoBRUVs","NCB376","Labridae","Bodianus","axillaris",200.72252,200,"SL",0.361260000000001
"2014-10_Ningaloo.shallow.sanctuaries_stereoBRUVs","NCB372","Acanthuridae","Ctenochaetus","striatus",260.84796,260,"TL",0.326138461538462
"2014-10_Exmouth.to.Dampier.deep_stereoBRUVs","NCB480","Lethrinidae","Lethrinus","ravus",300.7123,300,"SL",0.237433333333342
"2014-10_Ningaloo.shallow.sanctuaries_stereoBRUVs","NCB341","Pomacentridae","Dascyllus","trimaculatus",140.29698,140,"TL",0.212128571428565
"2014-10_Ningaloo.shallow.sanctuaries_stereoBRUVs","NCB372","Pomacentridae","Pomacentrus","milleri",100.19247,100,"SL",0.19247
"2014-05_Exmouth.to.Dampier.shallow_stereoBRUVs","NCB22","Carangidae","Atule","mate",300.16453,300,"TL",0.0548433333333378
"2014-10_Ningaloo.shallow.sanctuaries_stereoBRUVs","NCB369","Caesionidae","Pterocaesio","tile",300.14704,300,"TL",0.0490133333333347
"2014-05_Exmouth.to.Dampier.shallow_stereoBRUVs","NCB198","Pomacentridae","Chromis","viridis",100.03153,100,"TL",0.0315300000000036
