"campaignid","sample","family","genus","species","length"
"2014-05_Exmouth.to.Dampier.shallow_stereoBRUVs","NCB221","Carcharhinidae","Carcharhinus","amblyrhynchos",1060.23603
"2014-05_Exmouth.to.Dampier.shallow_stereoBRUVs","NCB124","Sphyraenidae","Sphyraena","barracuda",1159.52267
"2014-05_Exmouth.to.Dampier.shallow_stereoBRUVs","NCB224","Serranidae","Epinephelus","tukula",1377.05503
"2014-05_Exmouth.to.Dampier.shallow_stereoBRUVs","NCB98","Carcharhinidae","Triaenodon","obesus",1207.96538
"2014-05_Exmouth.to.Dampier.shallow_stereoBRUVs","NCB47","Carcharhinidae","Galeocerdo","cuvier",2065.70566
"2014-05_Exmouth.to.Dampier.shallow_stereoBRUVs","NCB189","Carcharhinidae","Negaprion","acutidens",2356.58118
"2014-05_Exmouth.to.Dampier.shallow_stereoBRUVs","NCB241","Scombridae","Scomberomorus","spp",1025.41105
"2014-05_Exmouth.to.Dampier.shallow_stereoBRUVs","NCB181","Carcharhinidae","Carcharhinus","amblyrhynchos",1258.28245
"2014-05_Exmouth.to.Dampier.shallow_stereoBRUVs","NCB85","Sphyrnidae","Sphyrna","lewini",1452.53563
"2014-05_Exmouth.to.Dampier.shallow_stereoBRUVs","NCB253","Carcharhinidae","Negaprion","acutidens",1955.3459
"2014-05_Exmouth.to.Dampier.shallow_stereoBRUVs","NCB208","Carcharhinidae","Negaprion","acutidens",1986.75335
"2014-05_Exmouth.to.Dampier.shallow_stereoBRUVs","NCB152","Carcharhinidae","Triaenodon","obesus",1005.95514
"2014-05_Exmouth.to.Dampier.shallow_stereoBRUVs","NCB250","Carcharhinidae","Carcharhinus","amboinensis",1513.17464
"2014-05_Exmouth.to.Dampier.shallow_stereoBRUVs","NCB126","Scombridae","Scomberomorus","spp",1001.75704
"2014-05_Exmouth.to.Dampier.shallow_stereoBRUVs","NCB186","Carcharhinidae","Carcharhinus","amblyrhynchos",1155.95713
"2014-05_Exmouth.to.Dampier.shallow_stereoBRUVs","NCB61","Sphyraenidae","Sphyraena","barracuda",1222.45532
"2014-05_Exmouth.to.Dampier.shallow_stereoBRUVs","NCB218","Sphyraenidae","Sphyraena","barracuda",1318.60004
"2014-05_Exmouth.to.Dampier.shallow_stereoBRUVs","NCB44","Carcharhinidae","Carcharhinus","limbatus",1135.8324
"2014-05_Exmouth.to.Dampier.shallow_stereoBRUVs","NCB71","Carcharhinidae","Carcharhinus","melanopterus",1030.8979
"2014-05_Exmouth.to.Dampier.shallow_stereoBRUVs","NCB84","Carangidae","Caranx","ignobilis",1050.66007
"2014-05_Exmouth.to.Dampier.shallow_stereoBRUVs","NCB150","Carcharhinidae","Galeocerdo","cuvier",3292.3517
"2014-05_Exmouth.to.Dampier.shallow_stereoBRUVs","NCB120","Carcharhinidae","Triaenodon","obesus",1223.25215
"2014-05_Exmouth.to.Dampier.shallow_stereoBRUVs","NCB210","Carcharhinidae","Carcharhinus","amblyrhynchos",1171.60794
"2014-05_Exmouth.to.Dampier.shallow_stereoBRUVs","NCB210","Serranidae","Epinephelus","tukula",1281.79242
"2014-05_Exmouth.to.Dampier.shallow_stereoBRUVs","NCB137","Carcharhinidae","Triaenodon","obesus",1041.10409
"2014-05_Exmouth.to.Dampier.shallow_stereoBRUVs","NCB137","Carcharhinidae","Carcharhinus","amblyrhynchos",1641.67568
"2014-05_Exmouth.to.Dampier.shallow_stereoBRUVs","NCB183","Carcharhinidae","Negaprion","acutidens",1831.95257
"2014-05_Exmouth.to.Dampier.shallow_stereoBRUVs","NCB145","Sphyraenidae","Sphyraena","jello",1134.70245
"2014-05_Exmouth.to.Dampier.shallow_stereoBRUVs","NCB1","Carcharhinidae","Galeocerdo","cuvier",1742.88921
"2014-05_Exmouth.to.Dampier.shallow_stereoBRUVs","NCB234","Elopidae","Elops","hawaiensis",1004.46044
"2014-05_Exmouth.to.Dampier.shallow_stereoBRUVs","NCB39","Ginglymostomatidae","Nebrius","ferrugineus",1366.37224
"2014-05_Exmouth.to.Dampier.shallow_stereoBRUVs","NCB201","Ginglymostomatidae","Nebrius","ferrugineus",1265.34301
"2014-05_Exmouth.to.Dampier.shallow_stereoBRUVs","NCB246","Scombridae","Scomberomorus","spp",1031.89624
"2014-05_Exmouth.to.Dampier.shallow_stereoBRUVs","NCB114","Ginglymostomatidae","Nebrius","ferrugineus",1929.00594
"2014-05_Exmouth.to.Dampier.shallow_stereoBRUVs","NCB114","Carcharhinidae","Triaenodon","obesus",1419.27699
"2014-05_Exmouth.to.Dampier.shallow_stereoBRUVs","NCB148","Ginglymostomatidae","Nebrius","ferrugineus",1763.10362
"2014-05_Exmouth.to.Dampier.shallow_stereoBRUVs","NCB148","Carcharhinidae","Galeocerdo","cuvier",1046.0138
"2014-05_Exmouth.to.Dampier.shallow_stereoBRUVs","NCB55","Carcharhinidae","Galeocerdo","cuvier",2837.85604
"2014-05_Exmouth.to.Dampier.shallow_stereoBRUVs","NCB219","Sphyraenidae","Sphyraena","barracuda",1196.87599
"2014-05_Exmouth.to.Dampier.shallow_stereoBRUVs","NCB171","Carcharhinidae","Carcharhinus","amblyrhynchos",1124.29847
"2014-05_Exmouth.to.Dampier.shallow_stereoBRUVs","NCB59","Rachycentridae","Rachycentron","canadum",1032.84034
"2014-05_Exmouth.to.Dampier.shallow_stereoBRUVs","NCB59","Carcharhinidae","Triaenodon","obesus",1214.78076
"2014-05_Exmouth.to.Dampier.shallow_stereoBRUVs","NCB212","Carcharhinidae","Triaenodon","obesus",1315.1319
"2014-05_Exmouth.to.Dampier.shallow_stereoBRUVs","NCB227","Carcharhinidae","Triaenodon","obesus",1108.82775
"2014-05_Exmouth.to.Dampier.shallow_stereoBRUVs","NCB227","Carcharhinidae","Galeocerdo","cuvier",2152.26926
"2014-05_Exmouth.to.Dampier.shallow_stereoBRUVs","NCB162","Carcharhinidae","Triaenodon","obesus",1236.37378
"2014-05_Exmouth.to.Dampier.shallow_stereoBRUVs","NCB162","Carcharhinidae","Carcharhinus","amblyrhynchos",1331.91345
"2014-05_Exmouth.to.Dampier.shallow_stereoBRUVs","NCB52","Rhinidae","Rhina","ancylostoma",1512.30249
"2014-05_Exmouth.to.Dampier.shallow_stereoBRUVs","NCB220","Carcharhinidae","Carcharhinus","amblyrhynchos",1219.29313
"2014-05_Exmouth.to.Dampier.shallow_stereoBRUVs","NCB265","Serranidae","Epinephelus","malabaricus",1135.6382
"2014-05_Exmouth.to.Dampier.shallow_stereoBRUVs","NCB188","Carcharhinidae","Triaenodon","obesus",1217.9543
"2014-05_Exmouth.to.Dampier.shallow_stereoBRUVs","NCB188","Carcharhinidae","Carcharhinus","amblyrhynchos",1125.23692
"2014-05_Exmouth.to.Dampier.shallow_stereoBRUVs","NCB67","Carcharhinidae","Negaprion","acutidens",1858.11565
"2014-05_Exmouth.to.Dampier.shallow_stereoBRUVs","NCB24","Serranidae","Epinephelus","lanceolatus",1502.05426
"2014-05_Exmouth.to.Dampier.shallow_stereoBRUVs","NCB157","Ginglymostomatidae","Nebrius","ferrugineus",1405.95993
"2014-05_Exmouth.to.Dampier.shallow_stereoBRUVs","NCB157","Ginglymostomatidae","Nebrius","ferrugineus",1174.93144
"2014-05_Exmouth.to.Dampier.shallow_stereoBRUVs","NCB157","Ginglymostomatidae","Nebrius","ferrugineus",1045.17771
"2014-05_Exmouth.to.Dampier.shallow_stereoBRUVs","NCB229","Carcharhinidae","Carcharhinus","amblyrhynchos",1241.24974
"2014-05_Exmouth.to.Dampier.shallow_stereoBRUVs","NCB53","Carcharhinidae","Carcharhinus","amblyrhynchos",1622.64963
"2014-05_Exmouth.to.Dampier.shallow_stereoBRUVs","NCB53","Carcharhinidae","Galeocerdo","cuvier",2624.4536
"2014-05_Exmouth.to.Dampier.shallow_stereoBRUVs","NCB53","Carcharhinidae","Galeocerdo","cuvier",2389.91804
"2014-05_Exmouth.to.Dampier.shallow_stereoBRUVs","NCB95","Carcharhinidae","Carcharhinus","melanopterus",1039.75683
"2014-05_Exmouth.to.Dampier.shallow_stereoBRUVs","NCB9","Sphyraenidae","Sphyraena","jello",1139.53511
"2014-05_Exmouth.to.Dampier.shallow_stereoBRUVs","NCB119","Carcharhinidae","Carcharhinus","melanopterus",1012.2147
"2014-05_Exmouth.to.Dampier.shallow_stereoBRUVs","NCB266","Serranidae","Epinephelus","malabaricus",1064.73138
"2014-05_Exmouth.to.Dampier.shallow_stereoBRUVs","NCB81","Carcharhinidae","Carcharhinus","melanopterus",1028.92658
"2014-05_Exmouth.to.Dampier.shallow_stereoBRUVs","NCB248","Carcharhinidae","Carcharhinus","amboinensis",1790.06245
"2014-05_Exmouth.to.Dampier.shallow_stereoBRUVs","NCB244","Carcharhinidae","Carcharhinus","amblyrhynchos",1066.32846
"2014-05_Exmouth.to.Dampier.shallow_stereoBRUVs","NCB25","Ginglymostomatidae","Nebrius","ferrugineus",1435.59642
"2014-05_Exmouth.to.Dampier.shallow_stereoBRUVs","NCB25","Carcharhinidae","Triaenodon","obesus",1147.8137
"2014-05_Exmouth.to.Dampier.shallow_stereoBRUVs","NCB125","Carcharhinidae","Negaprion","acutidens",1908.9066
"2014-05_Exmouth.to.Dampier.shallow_stereoBRUVs","NCB116","Carcharhinidae","Triaenodon","obesus",1142.75746
"2014-05_Exmouth.to.Dampier.shallow_stereoBRUVs","NCB80","Carcharhinidae","Carcharhinus","tilstoni",1075.4017
"2014-05_Exmouth.to.Dampier.shallow_stereoBRUVs","NCB80","Carcharhinidae","Carcharhinus","melanopterus",1125.56557
"2014-05_Exmouth.to.Dampier.shallow_stereoBRUVs","NCB262","Carcharhinidae","Carcharhinus","amblyrhynchos",1018.55488
"2014-05_Exmouth.to.Dampier.shallow_stereoBRUVs","NCB262","Sphyrnidae","Sphyrna","mokarran",2983.66761
"2014-05_Exmouth.to.Dampier.shallow_stereoBRUVs","NCB176","Dasyatidae","Taeniurops","meyeni",1211.339
"2014-05_Exmouth.to.Dampier.shallow_stereoBRUVs","NCB140","Sphyrnidae","Sphyrna","mokarran",1850.01207
"2014-05_Exmouth.to.Dampier.shallow_stereoBRUVs","NCB48","Carcharhinidae","Galeocerdo","cuvier",3159.82193
"2014-05_Exmouth.to.Dampier.shallow_stereoBRUVs","NCB128","Carcharhinidae","Galeocerdo","cuvier",2499.12993
"2014-05_Exmouth.to.Dampier.shallow_stereoBRUVs","NCB173","Rhinidae","Rhina","ancylostoma",1797.95586
"2014-05_Exmouth.to.Dampier.shallow_stereoBRUVs","NCB264","Serranidae","Epinephelus","malabaricus",1091.99965
"2014-10_Exmouth.to.Dampier.deep_stereoBRUVs","NCB422","Rhynchobatidae","Rhynchobatus","australiae",1385.05963
"2014-10_Exmouth.to.Dampier.deep_stereoBRUVs","NCB433","Carcharhinidae","Carcharhinus","plumbeus",1279.66625
"2014-10_Exmouth.to.Dampier.deep_stereoBRUVs","NCB441","Carcharhinidae","Carcharhinus","plumbeus",1200.41317
"2014-10_Exmouth.to.Dampier.deep_stereoBRUVs","NCB497","Serranidae","Epinephelus","malabaricus",1082.96246
"2014-10_Exmouth.to.Dampier.deep_stereoBRUVs","NCB483","Carcharhinidae","Negaprion","acutidens",2135.83877
"2014-10_Exmouth.to.Dampier.deep_stereoBRUVs","NCB468","Serranidae","Epinephelus","tukula",1073.76678
"2014-10_Exmouth.to.Dampier.deep_stereoBRUVs","NCB453","Sphyraenidae","Sphyraena","jello",1030.06563
"2014-10_Exmouth.to.Dampier.deep_stereoBRUVs","NCB453","Sphyraenidae","Sphyraena","jello",1049.45689
"2014-10_Exmouth.to.Dampier.deep_stereoBRUVs","NCB470","Sphyraenidae","Sphyraena","jello",1366.7312
"2014-10_Exmouth.to.Dampier.deep_stereoBRUVs","NCB470","Sphyraenidae","Sphyraena","jello",1369.12368
"2014-10_Exmouth.to.Dampier.deep_stereoBRUVs","NCB470","Sphyraenidae","Sphyraena","jello",1186.17844
"2014-10_Exmouth.to.Dampier.deep_stereoBRUVs","NCB470","Sphyraenidae","Sphyraena","jello",1096.6002
"2014-10_Exmouth.to.Dampier.deep_stereoBRUVs","NCB470","Sphyraenidae","Sphyraena","jello",1053.73685
"2014-10_Exmouth.to.Dampier.deep_stereoBRUVs","NCB447","Serranidae","Epinephelus","coioides",1013.57805
"2014-10_Exmouth.to.Dampier.deep_stereoBRUVs","NCB506","Serranidae","Epinephelus","tukula",1042.83629
"2014-10_Exmouth.to.Dampier.deep_stereoBRUVs","NCB420","Carcharhinidae","Carcharhinus","amblyrhynchos",1033.42329
"2014-10_Exmouth.to.Dampier.deep_stereoBRUVs","NCB504","Serranidae","Epinephelus","tukula",1080.53976
"2014-10_Exmouth.to.Dampier.deep_stereoBRUVs","NCB455","Sphyraenidae","Sphyraena","jello",1102.13004
"2014-10_Exmouth.to.Dampier.deep_stereoBRUVs","NCB480","Hemigaleidae","Hemipristis","elongata",1246.31915
"2014-10_Exmouth.to.Dampier.deep_stereoBRUVs","NCB480","Sphyraenidae","Sphyraena","jello",1102.34179
"2014-10_Exmouth.to.Dampier.deep_stereoBRUVs","NCB424","Scombridae","Scomberomorus","spp",1063.4863
"2014-10_Exmouth.to.Dampier.deep_stereoBRUVs","NCB424","Carcharhinidae","Carcharhinus","plumbeus",2272.03471
"2014-10_Exmouth.to.Dampier.deep_stereoBRUVs","NCB394","Sphyraenidae","Sphyraena","jello",1085.00292
"2014-10_Exmouth.to.Dampier.deep_stereoBRUVs","NCB496","Carcharhinidae","Carcharhinus","limbatus",1941.19291
"2014-10_Exmouth.to.Dampier.deep_stereoBRUVs","NCB496","Ginglymostomatidae","Nebrius","ferrugineus",1283.48473
"2014-10_Exmouth.to.Dampier.deep_stereoBRUVs","NCB496","Serranidae","Epinephelus","malabaricus",1203.37713
"2014-10_Exmouth.to.Dampier.deep_stereoBRUVs","NCB464","Sphyraenidae","Sphyraena","jello",1127.36298
"2014-10_Exmouth.to.Dampier.deep_stereoBRUVs","NCB395","Carcharhinidae","Galeocerdo","cuvier",1215.24561
"2014-10_Exmouth.to.Dampier.deep_stereoBRUVs","NCB395","Carcharhinidae","Carcharhinus","limbatus",1709.33195
"2014-10_Exmouth.to.Dampier.deep_stereoBRUVs","NCB454","Serranidae","Epinephelus","malabaricus",1092.93763
"2014-10_Exmouth.to.Dampier.deep_stereoBRUVs","NCB435","Carcharhinidae","Carcharhinus","limbatus",2492.31072
"2014-10_Exmouth.to.Dampier.deep_stereoBRUVs","NCB435","Sphyrnidae","Sphyrna","lewini",1315.24424
"2014-10_Exmouth.to.Dampier.deep_stereoBRUVs","NCB508","Carangidae","Seriola","dumerili",1047.63107
"2014-10_Exmouth.to.Dampier.deep_stereoBRUVs","NCB456","Sphyraenidae","Sphyraena","jello",1181.01833
"2014-10_Exmouth.to.Dampier.deep_stereoBRUVs","NCB456","Sphyraenidae","Sphyraena","jello",1049.54995
"2014-10_Exmouth.to.Dampier.deep_stereoBRUVs","NCB456","Serranidae","Epinephelus","lanceolatus",2050.71012
"2014-10_Exmouth.to.Dampier.deep_stereoBRUVs","NCB396","Carcharhinidae","Carcharhinus","plumbeus",1305.26107
"2014-10_Exmouth.to.Dampier.deep_stereoBRUVs","NCB444","Carcharhinidae","Carcharhinus","limbatus",1042.89543
"2014-10_Exmouth.to.Dampier.deep_stereoBRUVs","NCB451","Serranidae","Epinephelus","coioides",1168.18764
"2014-10_Exmouth.to.Dampier.deep_stereoBRUVs","NCB432","Carcharhinidae","Galeocerdo","cuvier",1107.1648
"2014-10_Exmouth.to.Dampier.deep_stereoBRUVs","NCB432","Carcharhinidae","Carcharhinus","plumbeus",1323.34672
"2014-10_Exmouth.to.Dampier.deep_stereoBRUVs","NCB409","Sphyrnidae","Sphyrna","lewini",1186.51534
"2014-10_Exmouth.to.Dampier.deep_stereoBRUVs","NCB409","Carcharhinidae","Carcharhinus","plumbeus",1109.29131
"2014-10_Exmouth.to.Dampier.deep_stereoBRUVs","NCB473","Serranidae","Epinephelus","tukula",1405.86478
"2014-10_Exmouth.to.Dampier.deep_stereoBRUVs","NCB512","Dasyatidae","Taeniurops","meyeni",1437.77688
"2014-10_Exmouth.to.Dampier.deep_stereoBRUVs","NCB458","Serranidae","Epinephelus","tukula",1160.85655
"2014-10_Exmouth.to.Dampier.deep_stereoBRUVs","NCB517","Rhynchobatidae","Rhynchobatus","australiae",1013.09711
"2014-10_Exmouth.to.Dampier.deep_stereoBRUVs","NCB427","Sphyrnidae","Sphyrna","lewini",1408.34975
"2014-10_Exmouth.to.Dampier.deep_stereoBRUVs","NCB474","Serranidae","Epinephelus","malabaricus",1008.11983
"2014-10_Exmouth.to.Dampier.deep_stereoBRUVs","NCB484","Sphyraenidae","Sphyraena","jello",1083.03077
"2014-10_Exmouth.to.Dampier.deep_stereoBRUVs","NCB489","Carcharhinidae","Carcharhinus","plumbeus",1310.23591
"2014-10_Exmouth.to.Dampier.deep_stereoBRUVs","NCB498","Serranidae","Epinephelus","malabaricus",1175.71514
"2014-10_Exmouth.to.Dampier.deep_stereoBRUVs","NCB412","Carcharhinidae","Carcharhinus","plumbeus",1437.42736
"2014-10_Montebello.sanctuaries_stereoBRUVs","NCB559","Carcharhinidae","Carcharhinus","amblyrhynchos",1330.18671
"2014-10_Montebello.sanctuaries_stereoBRUVs","NCB553","Carcharhinidae","Carcharhinus","amblyrhynchos",1138.87913
"2014-10_Montebello.sanctuaries_stereoBRUVs","NCB527","Carcharhinidae","Carcharhinus","amboinensis",1518.39961
"2014-10_Montebello.sanctuaries_stereoBRUVs","NCB575","Carcharhinidae","Carcharhinus","melanopterus",1126.55527
"2014-10_Montebello.sanctuaries_stereoBRUVs","NCB556","Scombridae","Scomberomorus","spp",1168.82168
"2014-10_Montebello.sanctuaries_stereoBRUVs","NCB556","Carcharhinidae","Carcharhinus","amblyrhynchos",1087.15119
"2014-10_Montebello.sanctuaries_stereoBRUVs","NCB556","Carcharhinidae","Carcharhinus","amblyrhynchos",1306.77185
"2014-10_Montebello.sanctuaries_stereoBRUVs","NCB522","Rhynchobatidae","Rhynchobatus","australiae",2317.5584
"2014-10_Montebello.sanctuaries_stereoBRUVs","NCB550","Carcharhinidae","Carcharhinus","amblyrhynchos",1577.82535
"2014-10_Montebello.sanctuaries_stereoBRUVs","NCB597","Scombridae","Scomberomorus","spp",1215.87855
"2014-10_Montebello.sanctuaries_stereoBRUVs","NCB597","Carcharhinidae","Carcharhinus","amblyrhynchos",1537.0337
"2014-10_Montebello.sanctuaries_stereoBRUVs","NCB566","Ginglymostomatidae","Nebrius","ferrugineus",1303.48176
"2014-10_Montebello.sanctuaries_stereoBRUVs","NCB531","Carcharhinidae","Carcharhinus","amblyrhynchos",1109.68968
"2014-10_Montebello.sanctuaries_stereoBRUVs","NCB531","Serranidae","Epinephelus","malabaricus",1131.82901
"2014-10_Montebello.sanctuaries_stereoBRUVs","NCB557","Carcharhinidae","Carcharhinus","amblyrhynchos",1624.87291
"2014-10_Montebello.sanctuaries_stereoBRUVs","NCB557","Ginglymostomatidae","Nebrius","ferrugineus",1136.2744
"2014-10_Montebello.sanctuaries_stereoBRUVs","NCB558","Carcharhinidae","Carcharhinus","amblyrhynchos",1159.74341
"2014-10_Montebello.sanctuaries_stereoBRUVs","NCB598","Carcharhinidae","Triaenodon","obesus",1069.14998
"2014-10_Montebello.sanctuaries_stereoBRUVs","NCB521","Ginglymostomatidae","Nebrius","ferrugineus",2079.07934
"2014-10_Montebello.sanctuaries_stereoBRUVs","NCB578","Sphyraenidae","Sphyraena","jello",1222.92831
"2014-10_Montebello.sanctuaries_stereoBRUVs","NCB565","Serranidae","Epinephelus","malabaricus",1255.39927
"2014-10_Montebello.sanctuaries_stereoBRUVs","NCB551","Carcharhinidae","Carcharhinus","amblyrhynchos",1096.85775
"2014-10_Montebello.sanctuaries_stereoBRUVs","NCB533","Rhynchobatidae","Rhynchobatus","australiae",2309.99446
"2014-10_Montebello.sanctuaries_stereoBRUVs","NCB532","Sphyrnidae","Sphyrna","mokarran",3031.17734
"2014-10_Montebello.sanctuaries_stereoBRUVs","NCB542","Carcharhinidae","Galeocerdo","cuvier",2134.55123
"2014-10_Montebello.sanctuaries_stereoBRUVs","NCB545","Elopidae","Elops","hawaiensis",1095.94631
"2014-10_Ningaloo.shallow.sanctuaries_stereoBRUVs","NCB298","Ginglymostomatidae","Nebrius","ferrugineus",1235.04859
"2014-10_Ningaloo.shallow.sanctuaries_stereoBRUVs","NCB298","Carcharhinidae","Triaenodon","obesus",1075.89302
"2014-10_Ningaloo.shallow.sanctuaries_stereoBRUVs","NCB374","Carangidae","Trachinotus","blochii",1486.71271
"2014-10_Ningaloo.shallow.sanctuaries_stereoBRUVs","NCB354","Carcharhinidae","Carcharhinus","amblyrhynchos",1045.42861
"2014-10_Ningaloo.shallow.sanctuaries_stereoBRUVs","NCB341","Ginglymostomatidae","Nebrius","ferrugineus",1947.15318
"2014-10_Ningaloo.shallow.sanctuaries_stereoBRUVs","NCB341","Dasyatidae","Taeniurops","meyeni",1310.1707
"2014-10_Ningaloo.shallow.sanctuaries_stereoBRUVs","NCB363","Carcharhinidae","Triaenodon","obesus",1200.81415
"2014-10_Ningaloo.shallow.sanctuaries_stereoBRUVs","NCB363","Carcharhinidae","Triaenodon","obesus",1179.79432
"2014-10_Ningaloo.shallow.sanctuaries_stereoBRUVs","NCB363","Carcharhinidae","Triaenodon","obesus",1130.51647
"2014-10_Ningaloo.shallow.sanctuaries_stereoBRUVs","NCB363","Carcharhinidae","Triaenodon","obesus",1137.9517
"2014-10_Ningaloo.shallow.sanctuaries_stereoBRUVs","NCB362","Carcharhinidae","Carcharhinus","amblyrhynchos",1554.76127
"2014-10_Ningaloo.shallow.sanctuaries_stereoBRUVs","NCB376","Carcharhinidae","Triaenodon","obesus",1068.03027
"2014-10_Ningaloo.shallow.sanctuaries_stereoBRUVs","NCB376","Scombridae","Scomberomorus","spp",1144.99198
"2014-10_Ningaloo.shallow.sanctuaries_stereoBRUVs","NCB330","Carcharhinidae","Carcharhinus","amblyrhynchos",1879.27603
"2014-10_Ningaloo.shallow.sanctuaries_stereoBRUVs","NCB368","Carcharhinidae","Carcharhinus","amblyrhynchos",1256.81148
"2014-10_Ningaloo.shallow.sanctuaries_stereoBRUVs","NCB368","Lethrinidae","Lethrinus","nebulosus",1010.8632
"2014-10_Ningaloo.shallow.sanctuaries_stereoBRUVs","NCB305","Scombridae","Scomberomorus","spp",1200.88214
"2014-10_Ningaloo.shallow.sanctuaries_stereoBRUVs","NCB329","Carcharhinidae","Carcharhinus","amblyrhynchos",1455.53466
"2014-10_Ningaloo.shallow.sanctuaries_stereoBRUVs","NCB283","Ginglymostomatidae","Nebrius","ferrugineus",1867.03018
"2014-10_Ningaloo.shallow.sanctuaries_stereoBRUVs","NCB304","Carcharhinidae","Carcharhinus","amblyrhynchos",1166.77902
"2014-10_Ningaloo.shallow.sanctuaries_stereoBRUVs","NCB304","Carcharhinidae","Carcharhinus","amblyrhynchos",1218.98768
"2014-10_Ningaloo.shallow.sanctuaries_stereoBRUVs","NCB348","Carcharhinidae","Carcharhinus","amblyrhynchos",1645.08689
"2014-10_Ningaloo.shallow.sanctuaries_stereoBRUVs","NCB300","Carcharhinidae","Carcharhinus","amblyrhynchos",1233.51027
"2014-10_Ningaloo.shallow.sanctuaries_stereoBRUVs","NCB300","Carcharhinidae","Carcharhinus","amblyrhynchos",1044.09424
"2014-10_Ningaloo.shallow.sanctuaries_stereoBRUVs","NCB320","Carcharhinidae","Carcharhinus","plumbeus",1353.61886
"2014-10_Ningaloo.shallow.sanctuaries_stereoBRUVs","NCB274","Carcharhinidae","Carcharhinus","amblyrhynchos",1171.2218
"2014-10_Ningaloo.shallow.sanctuaries_stereoBRUVs","NCB310","Kyphosidae","Kyphosus","vaigiensis",1319.24007
"2014-10_Ningaloo.shallow.sanctuaries_stereoBRUVs","NCB310","Carcharhinidae","Carcharhinus","amblyrhynchos",1002.96196
"2014-10_Ningaloo.shallow.sanctuaries_stereoBRUVs","NCB311","Carcharhinidae","Carcharhinus","amblyrhynchos",1299.64563
"2014-10_Ningaloo.shallow.sanctuaries_stereoBRUVs","NCB281","Carcharhinidae","Carcharhinus","amblyrhynchos",1434.33771
"2014-10_Ningaloo.shallow.sanctuaries_stereoBRUVs","NCB306","Carcharhinidae","Carcharhinus","amblyrhynchos",1028.08334
"2014-10_Ningaloo.shallow.sanctuaries_stereoBRUVs","NCB302","Carcharhinidae","Carcharhinus","amblyrhynchos",1121.65026
"2014-10_Ningaloo.shallow.sanctuaries_stereoBRUVs","NCB380","Elopidae","Elops","hawaiensis",1117.29229
"2014-10_Ningaloo.shallow.sanctuaries_stereoBRUVs","NCB379","Carcharhinidae","Triaenodon","obesus",1136.4096
"2014-10_Ningaloo.shallow.sanctuaries_stereoBRUVs","NCB325","Scombridae","Scomberomorus","spp",1193.0829
"2014-10_Ningaloo.shallow.sanctuaries_stereoBRUVs","NCB325","Scombridae","Scomberomorus","spp",1203.57151
"2014-10_Ningaloo.shallow.sanctuaries_stereoBRUVs","NCB325","Scombridae","Scomberomorus","spp",1159.04926
"2014-10_Ningaloo.shallow.sanctuaries_stereoBRUVs","NCB325","Scombridae","Scomberomorus","spp",1079.64373
"2014-10_Ningaloo.shallow.sanctuaries_stereoBRUVs","NCB315","Carcharhinidae","Carcharhinus","amblyrhynchos",1012.11523
"2014-10_Ningaloo.shallow.sanctuaries_stereoBRUVs","NCB345","Serranidae","Epinephelus","malabaricus",1150.03692
"2014-10_Ningaloo.shallow.sanctuaries_stereoBRUVs","NCB345","Carcharhinidae","Carcharhinus","amblyrhynchos",1002.10164
"2014-10_Ningaloo.shallow.sanctuaries_stereoBRUVs","NCB345","Dasyatidae","Taeniurops","meyeni",1206.05416
"2014-10_Ningaloo.shallow.sanctuaries_stereoBRUVs","NCB299","Carcharhinidae","Carcharhinus","amblyrhynchos",1401.06802
"2014-10_Ningaloo.shallow.sanctuaries_stereoBRUVs","NCB299","Carcharhinidae","Carcharhinus","amblyrhynchos",1260.39314
"2014-10_Ningaloo.shallow.sanctuaries_stereoBRUVs","NCB299","Carcharhinidae","Carcharhinus","amblyrhynchos",1361.35536
"2014-10_Ningaloo.shallow.sanctuaries_stereoBRUVs","NCB373","Scombridae","Scomberomorus","spp",1221.45187
"2014-10_Ningaloo.shallow.sanctuaries_stereoBRUVs","NCB336","Dasyatidae","Taeniurops","meyeni",1154.19655
"2014-10_Ningaloo.shallow.sanctuaries_stereoBRUVs","NCB369","Scombridae","Scomberomorus","spp",1119.92697
"2014-10_Ningaloo.shallow.sanctuaries_stereoBRUVs","NCB369","Scombridae","Scomberomorus","spp",1151.37815
"2014-10_Ningaloo.shallow.sanctuaries_stereoBRUVs","NCB381","Scombridae","Scomberomorus","spp",1117.11851
"2014-10_Ningaloo.shallow.sanctuaries_stereoBRUVs","NCB277","Carcharhinidae","Triaenodon","obesus",1157.87477
"2014-10_Ningaloo.shallow.sanctuaries_stereoBRUVs","NCB323","Carcharhinidae","Carcharhinus","amboinensis",1446.67923
"2014-10_Ningaloo.shallow.sanctuaries_stereoBRUVs","NCB323","Serranidae","Epinephelus","tukula",1012.49007
"2014-10_Ningaloo.shallow.sanctuaries_stereoBRUVs","NCB323","Serranidae","Epinephelus","tukula",1344.69386
"2014-10_Ningaloo.shallow.sanctuaries_stereoBRUVs","NCB339","Carcharhinidae","Carcharhinus","amblyrhynchos",1108.60689
"2014-10_Ningaloo.shallow.sanctuaries_stereoBRUVs","NCB346","Carcharhinidae","Carcharhinus","amblyrhynchos",1022.92333
"2015-01_Montebello.transect_stereoBRUVs","NCB637","Carcharhinidae","Carcharhinus","limbatus",1491.37314
"2015-01_Montebello.transect_stereoBRUVs","NCB625","Dasyatidae","Taeniurops","meyeni",1045.52387
"2015-01_Montebello.transect_stereoBRUVs","NCB649","Carcharhinidae","Carcharhinus","amboinensis",1635.88902
"2015-01_Montebello.transect_stereoBRUVs","NCB681","Rhynchobatidae","Rhynchobatus","australiae",1225.67139
"2015-01_Montebello.transect_stereoBRUVs","NCB630","Carcharhinidae","Carcharhinus","plumbeus",1643.78926
"2015-01_Montebello.transect_stereoBRUVs","NCB712","Ginglymostomatidae","Nebrius","ferrugineus",1907.11469
"2015-01_Montebello.transect_stereoBRUVs","NCB621","Carcharhinidae","Carcharhinus","amblyrhynchos",1189.55355
"2015-01_Montebello.transect_stereoBRUVs","NCB635","Serranidae","Epinephelus","malabaricus",1117.09893
"2015-01_Montebello.transect_stereoBRUVs","NCB624","Ginglymostomatidae","Nebrius","ferrugineus",1907.37982
"2015-01_Montebello.transect_stereoBRUVs","NCB697","Carcharhinidae","Carcharhinus","plumbeus",1153.12069
"2015-01_Montebello.transect_stereoBRUVs","NCB711","Ginglymostomatidae","Nebrius","ferrugineus",1264.08167
"2015-01_Montebello.transect_stereoBRUVs","NCB634","Fistulariidae","Fistularia","commersonii",1072.50706
"2015-01_Montebello.transect_stereoBRUVs","NCB689","Carcharhinidae","Carcharhinus","plumbeus",1343.0226
"2015-01_Montebello.transect_stereoBRUVs","NCB655","Carcharhinidae","Carcharhinus","plumbeus",1661.90632
"2015-01_Montebello.transect_stereoBRUVs","NCB614","Carcharhinidae","Carcharhinus","plumbeus",1277.21609
"2015-01_Montebello.transect_stereoBRUVs","NCB606","Scombridae","Scomberomorus","spp",1012.06737
"2015-01_Montebello.transect_stereoBRUVs","NCB667","Serranidae","Epinephelus","multinotatus",1246.14016
"2015-01_Montebello.transect_stereoBRUVs","NCB617","Mobulidae","Mobula","tarapacana",1197.59196
"2015-01_Montebello.transect_stereoBRUVs","NCB703","Rhynchobatidae","Rhynchobatus","australiae",2275.87843
"2015-01_Montebello.transect_stereoBRUVs","NCB652","Ginglymostomatidae","Nebrius","ferrugineus",2067.44021
"2015-01_Montebello.transect_stereoBRUVs","NCB707","Dasyatidae","Taeniurops","meyeni",1574.46435
"2015-01_Montebello.transect_stereoBRUVs","NCB707","Carcharhinidae","Carcharhinus","amblyrhynchos",1224.55177
"2015-01_Montebello.transect_stereoBRUVs","NCB704","Carcharhinidae","Carcharhinus","amblyrhynchos",1040.1425
"2015-01_Montebello.transect_stereoBRUVs","NCB683","Rhinobatidae","Glaucostegus","typus",2250.2722
"2015-01_Montebello.transect_stereoBRUVs","NCB628","Ginglymostomatidae","Nebrius","ferrugineus",1943.50936
"2015-01_Montebello.transect_stereoBRUVs","NCB616","Rhynchobatidae","Rhynchobatus","australiae",1137.15546
"2015-01_Montebello.transect_stereoBRUVs","NCB661","Carcharhinidae","Carcharhinus","plumbeus",1375.32164
"2015-01_Montebello.transect_stereoBRUVs","NCB665","Carcharhinidae","Negaprion","acutidens",2153.32602
"2015-01_Montebello.transect_stereoBRUVs","NCB633","Rhynchobatidae","Rhynchobatus","australiae",2884.7122
"2015-01_Montebello.transect_stereoBRUVs","NCB623","Serranidae","Epinephelus","tukula",1195.93352
"2015-01_Montebello.transect_stereoBRUVs","NCB709","Carcharhinidae","Carcharhinus","amblyrhynchos",1262.89225
"2015-01_Montebello.transect_stereoBRUVs","NCB657","Serranidae","Epinephelus","tukula",1289.14275
"2015-01_Montebello.transect_stereoBRUVs","NCB701","Rhynchobatidae","Rhynchobatus","australiae",2681.66812
"2015-09_Dampier.Archipelago_stereoBRUVs","NCB1513","Rhinobatidae","Glaucostegus","typus",2254.35154
"2015-09_Dampier.Archipelago_stereoBRUVs","NCB1553","Carcharhinidae","Negaprion","acutidens",1797.33072
"2015-09_Dampier.Archipelago_stereoBRUVs","MNCB356","Carcharhinidae","Triaenodon","obesus",1024.32598
"2015-09_Dampier.Archipelago_stereoBRUVs","NCB1522","Carcharhinidae","Negaprion","acutidens",2036.69177
"2015-09_Dampier.Archipelago_stereoBRUVs","NCB1522","Carcharhinidae","Galeocerdo","cuvier",1797.9604
"2015-09_Dampier.Archipelago_stereoBRUVs","NCB1522","Stegostomatidae","Stegostoma","fasciatum",1005.02089
"2015-09_Dampier.Archipelago_stereoBRUVs","NCB1550","Carcharhinidae","Negaprion","acutidens",1971.72485
"2015-09_Dampier.Archipelago_stereoBRUVs","MNCB334","Carcharhinidae","Negaprion","acutidens",1419.77953
"2015-09_Dampier.Archipelago_stereoBRUVs","NCB1546","Rhynchobatidae","Rhynchobatus","australiae",1708.45944
"2015-09_Dampier.Archipelago_stereoBRUVs","NCB1552","Carcharhinidae","Negaprion","acutidens",1889.20711
"2015-09_Dampier.Archipelago_stereoBRUVs","NCB1508","Rachycentridae","Rachycentron","canadum",1019.60927
"2015-09_Dampier.Archipelago_stereoBRUVs","NCB1521","Myliobatidae","Aetobatus","ocellatus",1040.38057
"2015-09_Dampier.transect_stereoBRUVs","NCB1470","Carcharhinidae","Carcharhinus","plumbeus",1049.55332
"2015-09_Dampier.transect_stereoBRUVs","NCB1492","Sphyraenidae","Sphyraena","barracuda",1207.39761
"2015-09_Dampier.transect_stereoBRUVs","NCB1493","Sphyraenidae","Sphyraena","barracuda",1034.56891
"2015-09_Dampier.transect_stereoBRUVs","NCB1478","Rhynchobatidae","Rhynchobatus","australiae",2124.30099
"2015-09_Dampier.transect_stereoBRUVs","NCB1472","Rhynchobatidae","Rhynchobatus","australiae",1088.26033
"2015-09_Dampier.transect_stereoBRUVs","NCB1462","Carcharhinidae","Carcharhinus","plumbeus",1403.70826
"2015-09_Dampier.transect_stereoBRUVs","NCB1502","Rhynchobatidae","Rhynchobatus","australiae",2381.38111
"2015-09_Dampier.transect_stereoBRUVs","NCB1465","Carcharhinidae","Carcharhinus","plumbeus",1077.08173
"2015-09_Dampier.transect_stereoBRUVs","NCB1490","Carcharhinidae","Carcharhinus","plumbeus",1265.01773
"2015-09_Dampier.transect_stereoBRUVs","NCB1474","Rhynchobatidae","Rhynchobatus","australiae",2079.75931
"2015-09_Dampier.transect_stereoBRUVs","NCB1498","Carcharhinidae","Carcharhinus","plumbeus",1091.05823
"2015-09_Dampier.transect_stereoBRUVs","NCB1535","Rhynchobatidae","Rhynchobatus","australiae",1414.9085
"2015-09_Dampier.transect_stereoBRUVs","NCB1466","Carcharhinidae","Carcharhinus","plumbeus",1312.01725
"2015-09_Dampier.transect_stereoBRUVs","NCB1466","Rhinobatidae","Glaucostegus","typus",2246.27165
"2015-09_Dampier.transect_stereoBRUVs","NCB1504","Rhynchobatidae","Rhynchobatus","australiae",2280.09787
"2015-09_Dampier.transect_stereoBRUVs","NCB1503","Carcharhinidae","Carcharhinus","plumbeus",1421.79214
"2015-09_Dampier.transect_stereoBRUVs","NCB1468","Carcharhinidae","Carcharhinus","plumbeus",1256.88396
"2015-09_Dampier.transect_stereoBRUVs","NCB1486","Carangidae","Carangoides","fulvoguttatus",1058.58887
"2015-09_Dampier.transect_stereoBRUVs","NCB1469","Carcharhinidae","Carcharhinus","plumbeus",1227.06185
"2015-09_Dampier.transect_stereoBRUVs","NCB1453","Sphyrnidae","Sphyrna","mokarran",1536.60068
"2015-09_Exmouth.Gulf_stereoBRUVs","NCB1313","Rhinobatidae","Glaucostegus","typus",1904.70831
"2015-09_Exmouth.Gulf_stereoBRUVs","NCB1357","Elopidae","Elops","hawaiensis",1041.79776
"2015-09_Exmouth.Gulf_stereoBRUVs","NCB1283","Elopidae","Elops","hawaiensis",1006.68781
"2015-09_Exmouth.Gulf_stereoBRUVs","NCB1309","Dasyatidae","Himantura","uarnak",1127.17615
"2015-09_Exmouth.Gulf_stereoBRUVs","NCB1345","Dasyatidae","Himantura","fai",1224.98183
"2015-09_Exmouth.Gulf_stereoBRUVs","NCB1350","Elopidae","Elops","hawaiensis",1077.29264
"2015-09_Exmouth.Gulf_stereoBRUVs","MNCB208","Scombridae","Scomberomorus","spp",1023.98676
"2015-09_Exmouth.Gulf_stereoBRUVs","NCB1316","Carcharhinidae","Galeocerdo","cuvier",2161.89605
"2015-09_Exmouth.Gulf_stereoBRUVs","MNCB213","Carcharhinidae","Carcharhinus","plumbeus",1503.07115
"2015-09_Exmouth.Gulf_stereoBRUVs","NCB1344","Sphyrnidae","Sphyrna","mokarran",1995.77856
"2015-09_Exmouth.Gulf_stereoBRUVs","MNCB225","Carcharhinidae","Galeocerdo","cuvier",2008.63531
"2015-09_Exmouth.Gulf_stereoBRUVs","NCB1323","Carcharhinidae","Galeocerdo","cuvier",1955.05281
"2015-09_Exmouth.Gulf_stereoBRUVs","MNCB247","Carcharhinidae","Galeocerdo","cuvier",2013.20606
"2015-09_Exmouth.Gulf_stereoBRUVs","NCB1276","Carcharhinidae","Galeocerdo","cuvier",1739.66883
"2015-09_Exmouth.Gulf_stereoBRUVs","NCB1294","Elopidae","Elops","hawaiensis",1117.79621
"2015-09_Exmouth.Gulf_stereoBRUVs","NCB1308","Dasyatidae","Himantura","uarnak",1200.28327
"2015-09_Exmouth.Gulf_stereoBRUVs","NCB1308","Rhinobatidae","Glaucostegus","typus",2059.38155
"2015-09_Exmouth.Gulf_stereoBRUVs","NCB1295","Elopidae","Elops","hawaiensis",1047.37519
"2015-09_Exmouth.Gulf_stereoBRUVs","NCB1296","Carcharhinidae","Carcharhinus","plumbeus",1200.07016
"2015-09_Exmouth.Gulf_stereoBRUVs","NCB1311","Dasyatidae","Himantura","uarnak",1083.56333
"2015-09_Exmouth.Gulf_stereoBRUVs","NCB1317","Elopidae","Elops","hawaiensis",1128.86986
"2015-09_Exmouth.Gulf_stereoBRUVs","MNCB203","Carcharhinidae","Galeocerdo","cuvier",2106.55094
"2015-09_Exmouth.Gulf_stereoBRUVs","MNCB233","Carcharhinidae","Galeocerdo","cuvier",1953.69165
"2015-09_Exmouth.Gulf_stereoBRUVs","NCB1280","Rachycentridae","Rachycentron","canadum",1488.60807
"2015-09_Exmouth.Gulf_stereoBRUVs","NCB1280","Rachycentridae","Rachycentron","canadum",1229.77523
"2015-09_Exmouth.Gulf_stereoBRUVs","NCB1280","Carcharhinidae","Galeocerdo","cuvier",1818.49074
"2015-09_Exmouth.Gulf_stereoBRUVs","NCB1293","Elopidae","Elops","hawaiensis",1108.9026
"2015-09_Exmouth.Gulf_stereoBRUVs","MNCB258","Carcharhinidae","Carcharhinus","limbatus",1002.94975
"2015-09_Exmouth.Gulf_stereoBRUVs","NCB1300","Rhynchobatidae","Rhynchobatus","australiae",1133.01048
"2015-09_Mackerel.Islands.shallow_stereoBRUVs","MNCB318","Carcharhinidae","Carcharhinus","sp10",1108.69852
"2015-09_Mackerel.Islands.shallow_stereoBRUVs","NCB1436","Rhynchobatidae","Rhynchobatus","australiae",1202.85996
