"project","campaignid","sample","latitude","longitude","date","time","location","status","site","depth","observer","successful.count","successful.length","comment"
"Pilbara Marine Conservation Partnership","2015-01_Montebello.transect_stereoBRUVs","NCB606","-20.408","115.48192","20150117","8:45:00","Montebello","Fished",NA,"25.7","Emma","Yes","Yes",NA
"Pilbara Marine Conservation Partnership","2015-01_Montebello.transect_stereoBRUVs","NCB607","-20.407","115.47612","20150117","8:48:00","Montebello","Fished",NA,"29","Emma","Yes","Yes",NA
"Pilbara Marine Conservation Partnership","2015-01_Montebello.transect_stereoBRUVs","NCB608","-20.405","115.46842","20150117","8:56:00","Montebello","Fished",NA,"30.4","Emma","Yes","Yes",NA
"Pilbara Marine Conservation Partnership","2015-01_Montebello.transect_stereoBRUVs","NCB609","-20.404","115.45887","20150117","9:01:00","Montebello","Fished",NA,"29.4","Emma","Yes","Yes",NA
"Pilbara Marine Conservation Partnership","2015-01_Montebello.transect_stereoBRUVs","NCB610","-20.402","115.45061","20150117","9:07:00","Montebello","Fished",NA,"23.3","Emma","Yes","Yes",NA
"Pilbara Marine Conservation Partnership","2015-01_Montebello.transect_stereoBRUVs","NCB611","-20.4","115.44188","20150117","9:12:00","Montebello","Fished",NA,"22.6","Emma","Yes","Yes",NA
"Pilbara Marine Conservation Partnership","2015-01_Montebello.transect_stereoBRUVs","NCB612","-20.398","115.43266","20150117","9:18:00","Montebello","Fished",NA,"24.5","Emma","Yes","Yes",NA
"Pilbara Marine Conservation Partnership","2015-01_Montebello.transect_stereoBRUVs","NCB613","-20.396","115.42453","20150117","9:23:00","Montebello","Fished",NA,"26.3","Emma","Yes","Yes",NA
"Pilbara Marine Conservation Partnership","2015-01_Montebello.transect_stereoBRUVs","NCB614","-20.394","115.41624","20150117","9:27:00","Montebello","Fished",NA,"28.3","Matt/Todd","Yes","Yes",NA
"Pilbara Marine Conservation Partnership","2015-01_Montebello.transect_stereoBRUVs","NCB615","-20.392","115.407","20150117","9:33:00","Montebello","Fished",NA,"31.9","Katrina","Yes","Yes",NA
"Pilbara Marine Conservation Partnership","2015-01_Montebello.transect_stereoBRUVs","NCB616","-20.39","115.39678","20150117","11:26:00","Montebello","Fished",NA,"33.1","Katrina","Yes","Yes",NA
"Pilbara Marine Conservation Partnership","2015-01_Montebello.transect_stereoBRUVs","NCB617","-20.386","115.38707","20150117","11:32:00","Montebello","Fished",NA,"36.9","Katrina","Yes","Yes",NA
"Pilbara Marine Conservation Partnership","2015-01_Montebello.transect_stereoBRUVs","NCB618","-20.383","115.37587","20150117","11:40:00","Montebello","Fished",NA,"40.4","Katrina","Yes","Yes",NA
"Pilbara Marine Conservation Partnership","2015-01_Montebello.transect_stereoBRUVs","NCB619","-20.38","115.36088","20150117","11:46:00","Montebello","Fished",NA,"37.3","Katrina","Yes","Yes",NA
"Pilbara Marine Conservation Partnership","2015-01_Montebello.transect_stereoBRUVs","NCB620","-20.376","115.34493","20150117","11:54:00","Montebello","Fished",NA,"41.6","Katrina","Yes","Yes",NA
"Pilbara Marine Conservation Partnership","2015-01_Montebello.transect_stereoBRUVs","NCB621","-20.373","115.33427","20150117","11:58:00","Montebello","Fished",NA,"28.4","Matt","Yes","Yes",NA
"Pilbara Marine Conservation Partnership","2015-01_Montebello.transect_stereoBRUVs","NCB622","-20.372","115.33246","20150117","12:01:00","Montebello","Fished",NA,"41.2","Matt","Yes","Yes",NA
"Pilbara Marine Conservation Partnership","2015-01_Montebello.transect_stereoBRUVs","NCB623","-20.363","115.31109","20150117","12:09:00","Montebello","Fished",NA,"31.5","Katrina","Yes","Yes",NA
"Pilbara Marine Conservation Partnership","2015-01_Montebello.transect_stereoBRUVs","NCB624","-20.359","115.30805","20150117","12:12:00","Montebello","Fished",NA,"21.6","Todd","Yes","Yes",NA
"Pilbara Marine Conservation Partnership","2015-01_Montebello.transect_stereoBRUVs","NCB625","-20.352","115.30709","20150117","12:16:00","Montebello","Fished",NA,"23.5","Katrina","Yes","Yes",NA
"Pilbara Marine Conservation Partnership","2015-01_Montebello.transect_stereoBRUVs","NCB626","-20.346","115.30979","20150117","14:12:00","Montebello","Fished",NA,"29.2","Katrina","Yes","Yes",NA
"Pilbara Marine Conservation Partnership","2015-01_Montebello.transect_stereoBRUVs","NCB627","-20.34","115.30847","20150117","14:15:00","Montebello","Fished",NA,"28.9","Derek","Yes","No",NA
"Pilbara Marine Conservation Partnership","2015-01_Montebello.transect_stereoBRUVs","NCB628","-20.331","115.30622","20150117","14:19:00","Montebello","Fished",NA,"25.4","Katrina","Yes","Yes",NA
"Pilbara Marine Conservation Partnership","2015-01_Montebello.transect_stereoBRUVs","NCB629","-20.322","115.30126","20150117","14:24:00","Montebello","Fished",NA,"26.3","Emma","Yes","Yes",NA
"Pilbara Marine Conservation Partnership","2015-01_Montebello.transect_stereoBRUVs","NCB630","-20.318","115.29277","20150117","14:29:00","Montebello","Fished",NA,"49.2","Emma","Yes","Yes",NA
"Pilbara Marine Conservation Partnership","2015-01_Montebello.transect_stereoBRUVs","NCB631","-20.314","115.28227","20150117","14:34:00","Montebello","Fished",NA,"53","Emma","Yes","Yes",NA
"Pilbara Marine Conservation Partnership","2015-01_Montebello.transect_stereoBRUVs","NCB632","-20.31","115.26797","20150117","14:40:00","Montebello","Fished",NA,"57.4","Emma","Yes","Yes",NA
"Pilbara Marine Conservation Partnership","2015-01_Montebello.transect_stereoBRUVs","NCB633","-20.305","115.24854","20150117","14:47:00","Montebello","Fished",NA,"57","Emma","Yes","Yes",NA
"Pilbara Marine Conservation Partnership","2015-01_Montebello.transect_stereoBRUVs","NCB634","-20.298","115.2249","20150117","14:56:00","Montebello","Fished",NA,"37","Emma","Yes","Yes",NA
"Pilbara Marine Conservation Partnership","2015-01_Montebello.transect_stereoBRUVs","NCB635","-20.295","115.22048","20150117","15:00:00","Montebello","Fished",NA,"40.1","Emma","Yes","Yes",NA
"Pilbara Marine Conservation Partnership","2015-01_Montebello.transect_stereoBRUVs","NCB636","-20.359","115.46138","20150118","8:54:00","N.Montebello.Sanctuary","No-take",NA,"23.6","Katrina","Yes","Yes",NA
"Pilbara Marine Conservation Partnership","2015-01_Montebello.transect_stereoBRUVs","NCB637","-20.352","115.46682","20150118","8:58:00","N.Montebello.Sanctuary","No-take",NA,"29.4","Katrina","Yes","Yes",NA
"Pilbara Marine Conservation Partnership","2015-01_Montebello.transect_stereoBRUVs","NCB638","-20.347","115.47483","20150118","9:01:00","N.Montebello.Sanctuary","No-take",NA,"32.5","Katrina","Yes","Yes",NA
"Pilbara Marine Conservation Partnership","2015-01_Montebello.transect_stereoBRUVs","NCB639","-20.335","115.47058","20150118","9:07:00","N.Montebello.Sanctuary","Fished",NA,"36.3","Todd","Yes","Yes",NA
"Pilbara Marine Conservation Partnership","2015-01_Montebello.transect_stereoBRUVs","NCB640","-20.327","115.4639","20150118","9:11:00","N.Montebello.Sanctuary","Fished",NA,"42.1","Todd","Yes","Yes",NA
"Pilbara Marine Conservation Partnership","2015-01_Montebello.transect_stereoBRUVs","NCB641","-20.323","115.45317","20150118","9:16:00","Montebello","Fished",NA,"40.2","Todd","Yes","Yes",NA
"Pilbara Marine Conservation Partnership","2015-01_Montebello.transect_stereoBRUVs","NCB642","-20.313","115.45093","20150118","9:21:00","Montebello","Fished",NA,"37","Todd","Yes","Yes",NA
"Pilbara Marine Conservation Partnership","2015-01_Montebello.transect_stereoBRUVs","NCB643","-20.304","115.44852","20150118","9:25:00","Montebello","Fished",NA,"41.7","Todd","Yes","Yes",NA
"Pilbara Marine Conservation Partnership","2015-01_Montebello.transect_stereoBRUVs","NCB644","-20.297","115.44248","20150118","9:28:00","Montebello","Fished",NA,"37.5","Todd","Yes","Yes",NA
"Pilbara Marine Conservation Partnership","2015-01_Montebello.transect_stereoBRUVs","NCB645","-20.287","115.43472","20150118","9:36:00","Montebello","Fished",NA,"41.5","Todd","Yes","Yes",NA
"Pilbara Marine Conservation Partnership","2015-01_Montebello.transect_stereoBRUVs","NCB646","-20.293","115.46864","20150118","11:40:00","Montebello","Fished",NA,"37.9","Todd","Yes","Yes",NA
"Pilbara Marine Conservation Partnership","2015-01_Montebello.transect_stereoBRUVs","NCB647","-20.286","115.47399","20150118","11:45:00","Montebello","Fished",NA,"35.1","Todd","Yes","Yes",NA
"Pilbara Marine Conservation Partnership","2015-01_Montebello.transect_stereoBRUVs","NCB648","-20.275","115.47544","20150118","11:48:00","Montebello","Fished",NA,"36.9","Todd","Yes","Yes",NA
"Pilbara Marine Conservation Partnership","2015-01_Montebello.transect_stereoBRUVs","NCB649","-20.264","115.47558","20150118","11:54:00","Montebello","Fished",NA,"42.4","Katrina","Yes","Yes",NA
"Pilbara Marine Conservation Partnership","2015-01_Montebello.transect_stereoBRUVs","NCB650","-20.255","115.46988","20150118","11:57:00","Montebello","Fished",NA,"40.8","Katrina","Yes","Yes",NA
"Pilbara Marine Conservation Partnership","2015-01_Montebello.transect_stereoBRUVs","NCB651","-20.249","115.46059","20150118","12:01:00","Montebello","Fished",NA,"40.8","Katrina","Yes","Yes",NA
"Pilbara Marine Conservation Partnership","2015-01_Montebello.transect_stereoBRUVs","NCB652","-20.244","115.452","20150118","12:06:00","Montebello","Fished",NA,"42.4","Katrina","Yes","Yes",NA
"Pilbara Marine Conservation Partnership","2015-01_Montebello.transect_stereoBRUVs","NCB653","-20.238","115.44558","20150118","12:11:00","Montebello","Fished",NA,"41.1","Katrina","Yes","Yes",NA
"Pilbara Marine Conservation Partnership","2015-01_Montebello.transect_stereoBRUVs","NCB654","-20.23","115.44186","20150118","12:15:00","Montebello","Fished",NA,"44.6","Katrina","Yes","Yes",NA
"Pilbara Marine Conservation Partnership","2015-01_Montebello.transect_stereoBRUVs","NCB655","-20.216","115.43804","20150118","12:21:00","Montebello","Fished",NA,"39.5","Katrina","Yes","Yes",NA
"Pilbara Marine Conservation Partnership","2015-01_Montebello.transect_stereoBRUVs","NCB656","-20.212","115.41182","20150118","14:29:00","Montebello","Fished",NA,"45.6","Katrina","Yes","Yes",NA
"Pilbara Marine Conservation Partnership","2015-01_Montebello.transect_stereoBRUVs","NCB657","-20.211","115.40549","20150118","14:32:00","Montebello","Fished",NA,"34.6","Todd","Yes","Yes",NA
"Pilbara Marine Conservation Partnership","2015-01_Montebello.transect_stereoBRUVs","NCB658","-20.209","115.4014","20150118","14:34:00","Montebello","Fished",NA,"43.8","Todd","Yes","Yes",NA
"Pilbara Marine Conservation Partnership","2015-01_Montebello.transect_stereoBRUVs","NCB659","-20.2","115.4004","20150118","14:39:00","Montebello","Fished",NA,"41.4","Todd","Yes","Yes",NA
"Pilbara Marine Conservation Partnership","2015-01_Montebello.transect_stereoBRUVs","NCB660","-20.19","115.40096","20150118","14:42:00","Montebello","Fished",NA,"44.4","Todd","Yes","Yes",NA
"Pilbara Marine Conservation Partnership","2015-01_Montebello.transect_stereoBRUVs","NCB661","-20.181","115.40126","20150118","14:46:00","Montebello","Fished",NA,"45.8","Todd","Yes","Yes",NA
"Pilbara Marine Conservation Partnership","2015-01_Montebello.transect_stereoBRUVs","NCB662","-20.173","115.39799","20150118","14:50:00","Montebello","Fished",NA,"55.6","Todd","Yes","Yes",NA
"Pilbara Marine Conservation Partnership","2015-01_Montebello.transect_stereoBRUVs","NCB663","-20.164","115.39062","20150118","14:55:00","Montebello","Fished",NA,"64","Todd","Yes","No",NA
"Pilbara Marine Conservation Partnership","2015-01_Montebello.transect_stereoBRUVs","NCB664","-20.159","115.38199","20150118","15:00:00","Montebello","Fished",NA,"56.5","Todd","Yes","Yes",NA
"Pilbara Marine Conservation Partnership","2015-01_Montebello.transect_stereoBRUVs","NCB665","-20.151","115.37592","20150118","15:04:00","Montebello","Fished",NA,"52.5","Todd","Yes","Yes",NA
"Pilbara Marine Conservation Partnership","2015-01_Montebello.transect_stereoBRUVs","NCB666","-20.388","115.58931","20150119","8:16:00","Montebello","Fished",NA,"39","Matt","Yes","Yes",NA
"Pilbara Marine Conservation Partnership","2015-01_Montebello.transect_stereoBRUVs","NCB667","-20.382","115.59217","20150119","8:21:00","Montebello","Fished",NA,"40.8","Matt","Yes","Yes",NA
"Pilbara Marine Conservation Partnership","2015-01_Montebello.transect_stereoBRUVs","NCB668","-20.374","115.59672","20150119","8:25:00","Montebello","Fished",NA,"43.8","Matt","Yes","Yes",NA
"Pilbara Marine Conservation Partnership","2015-01_Montebello.transect_stereoBRUVs","NCB669","-20.367","115.60213","20150119","8:29:00","Montebello","Fished",NA,"43.5","Matt","Yes","Yes",NA
"Pilbara Marine Conservation Partnership","2015-01_Montebello.transect_stereoBRUVs","NCB670","-20.361","115.60673","20150119","8:36:00","Montebello","Fished",NA,"41.8","Matt","Yes","Yes",NA
"Pilbara Marine Conservation Partnership","2015-01_Montebello.transect_stereoBRUVs","NCB671","-20.353","115.61344","20150119","8:41:00","Montebello","Fished",NA,"50.2","Matt","Yes","Yes",NA
"Pilbara Marine Conservation Partnership","2015-01_Montebello.transect_stereoBRUVs","NCB672","-20.346","115.61931","20150119","8:56:00","Montebello","Fished",NA,"51.5","Matt","Yes","Yes",NA
"Pilbara Marine Conservation Partnership","2015-01_Montebello.transect_stereoBRUVs","NCB673","-20.338","115.62629","20150119","9:00:00","Montebello","Fished",NA,"51.4","Todd","Yes","No",NA
"Pilbara Marine Conservation Partnership","2015-01_Montebello.transect_stereoBRUVs","NCB674","-20.332","115.63252","20150119","9:04:00","Montebello","Fished",NA,"52.3","Matt","Yes","Yes",NA
"Pilbara Marine Conservation Partnership","2015-01_Montebello.transect_stereoBRUVs","NCB675","-20.324","115.63919","20150119","9:09:00","Montebello","Fished",NA,"52.5","Matt","Yes","No",NA
"Pilbara Marine Conservation Partnership","2015-01_Montebello.transect_stereoBRUVs","NCB676","-20.356","115.54955","20150119","11:45:00","Montebello","Fished",NA,"11.4","Becca","Yes","Yes",NA
"Pilbara Marine Conservation Partnership","2015-01_Montebello.transect_stereoBRUVs","NCB677","-20.352","115.55063","20150119","11:47:00","Montebello","Fished",NA,"35","Matt","Yes","Yes",NA
"Pilbara Marine Conservation Partnership","2015-01_Montebello.transect_stereoBRUVs","NCB678","-20.349","115.54716","20150119","11:49:00","N.Montebello.Sanctuary","No-take",NA,"31.2","Matt","Yes","Yes",NA
"Pilbara Marine Conservation Partnership","2015-01_Montebello.transect_stereoBRUVs","NCB679","-20.346","115.54161","20150119","11:53:00","N.Montebello.Sanctuary","No-take",NA,"27","Derek","Yes","No",NA
"Pilbara Marine Conservation Partnership","2015-01_Montebello.transect_stereoBRUVs","NCB680","-20.342","115.53515","20150119","11:56:00","N.Montebello.Sanctuary","No-take",NA,"30.3","Derek","Yes","Yes",NA
"Pilbara Marine Conservation Partnership","2015-01_Montebello.transect_stereoBRUVs","NCB681","-20.338","115.52941","20150119","11:59:00","N.Montebello.Sanctuary","No-take",NA,"36.3","Derek","Yes","Yes",NA
"Pilbara Marine Conservation Partnership","2015-01_Montebello.transect_stereoBRUVs","NCB682","-20.332","115.52544","20150119","12:02:00","N.Montebello.Sanctuary","No-take",NA,"37.7","Derek","Yes","Yes",NA
"Pilbara Marine Conservation Partnership","2015-01_Montebello.transect_stereoBRUVs","NCB683","-20.324","115.52499","20150119","12:05:00","N.Montebello.Sanctuary","No-take",NA,"45.9","Derek","Yes","Yes",NA
"Pilbara Marine Conservation Partnership","2015-01_Montebello.transect_stereoBRUVs","NCB684","-20.317","115.52503","20150119","12:07:00","N.Montebello.Sanctuary","No-take",NA,"38.8","Derek","Yes","Yes",NA
"Pilbara Marine Conservation Partnership","2015-01_Montebello.transect_stereoBRUVs","NCB685","-20.311","115.52425","20150119","12:10:00","Montebello","Fished",NA,"41.3","Derek","Yes","Yes",NA
"Pilbara Marine Conservation Partnership","2015-01_Montebello.transect_stereoBRUVs","NCB686","-20.327","115.61157","20150119","15:01:00","Montebello","Fished",NA,"52.5","Derek","Yes","Yes",NA
"Pilbara Marine Conservation Partnership","2015-01_Montebello.transect_stereoBRUVs","NCB687","-20.32","115.61669","20150119","15:04:00","Montebello","Fished",NA,"52.5","Matt","Yes","No",NA
"Pilbara Marine Conservation Partnership","2015-01_Montebello.transect_stereoBRUVs","NCB688","-20.312","115.62166","20150119","15:08:00","Montebello","Fished",NA,"52.1","Derek","Yes","Yes",NA
"Pilbara Marine Conservation Partnership","2015-01_Montebello.transect_stereoBRUVs","NCB689","-20.305","115.62764","20150119","15:12:00","Montebello","Fished",NA,"52.7","Derek","Yes","Yes",NA
"Pilbara Marine Conservation Partnership","2015-01_Montebello.transect_stereoBRUVs","NCB690","-20.297","115.63322","20150119","15:15:00","Montebello","Fished",NA,"52.7","Derek","Yes","No",NA
"Pilbara Marine Conservation Partnership","2015-01_Montebello.transect_stereoBRUVs","NCB691","-20.29","115.63811","20150119","15:18:00","Montebello","Fished",NA,"54.2","Todd","Yes","Yes",NA
"Pilbara Marine Conservation Partnership","2015-01_Montebello.transect_stereoBRUVs","NCB692","-20.284","115.64255","20150119","15:22:00","Montebello","Fished",NA,"54.5","Todd","Yes","No",NA
"Pilbara Marine Conservation Partnership","2015-01_Montebello.transect_stereoBRUVs","NCB693","-20.278","115.64707","20150119","15:25:00","Montebello","Fished",NA,"54.7","Todd","Yes","No",NA
"Pilbara Marine Conservation Partnership","2015-01_Montebello.transect_stereoBRUVs","NCB694","-20.271","115.65237","20150119","15:28:00","Montebello","Fished",NA,"56.6","Matt","Yes","Yes",NA
"Pilbara Marine Conservation Partnership","2015-01_Montebello.transect_stereoBRUVs","NCB695","-20.264","115.65745","20150119","15:32:00","Montebello","Fished",NA,"56.9","Matt","Yes","Yes",NA
"Pilbara Marine Conservation Partnership","2015-01_Montebello.transect_stereoBRUVs","NCB696","-20.455","115.45607","20150120","13:06:00","S.Montebello.Sanctuary","No-take",NA,"30.3","Katrina","Yes","Yes",NA
"Pilbara Marine Conservation Partnership","2015-01_Montebello.transect_stereoBRUVs","NCB697","-20.454","115.44602","20150120","13:11:00","S.Montebello.Sanctuary","No-take",NA,"33","Katrina","Yes","Yes",NA
"Pilbara Marine Conservation Partnership","2015-01_Montebello.transect_stereoBRUVs","NCB698","-20.454","115.43468","20150120","13:15:00","Montebello","Fished",NA,"35.6","Katrina","Yes","Yes",NA
"Pilbara Marine Conservation Partnership","2015-01_Montebello.transect_stereoBRUVs","NCB699","-20.453","115.42262","20150120","13:20:00","Montebello","Fished",NA,"37.1","Katrina","Yes","Yes",NA
"Pilbara Marine Conservation Partnership","2015-01_Montebello.transect_stereoBRUVs","NCB700","-20.453","115.41094","20150120","13:24:00","Montebello","Fished",NA,"37.9","Katrina","Yes","Yes",NA
"Pilbara Marine Conservation Partnership","2015-01_Montebello.transect_stereoBRUVs","NCB701","-20.452","115.39525","20150120","13:30:00","Montebello","Fished",NA,"39.2","Katrina","Yes","Yes",NA
"Pilbara Marine Conservation Partnership","2015-01_Montebello.transect_stereoBRUVs","NCB702","-20.452","115.37684","20150120","13:36:00","Montebello","Fished",NA,"40.5","Katrina","Yes","Yes",NA
"Pilbara Marine Conservation Partnership","2015-01_Montebello.transect_stereoBRUVs","NCB703","-20.452","115.35879","20150120","13:44:00","Montebello","Fished",NA,"41.6","Katrina","Yes","Yes",NA
"Pilbara Marine Conservation Partnership","2015-01_Montebello.transect_stereoBRUVs","NCB704","-20.452","115.33738","20150120","13:52:00","Montebello","Fished",NA,"27.7","Katrina","Yes","Yes",NA
"Pilbara Marine Conservation Partnership","2015-01_Montebello.transect_stereoBRUVs","NCB705","-20.453","115.33355","20150120","13:54:00","Montebello","Fished",NA,"31.8","Katrina","Yes","Yes",NA
"Pilbara Marine Conservation Partnership","2015-01_Montebello.transect_stereoBRUVs","NCB706","-20.257","115.37386","20150121","8:44:00","Montebello","Fished",NA,"42.6","Katrina","Yes","Yes",NA
"Pilbara Marine Conservation Partnership","2015-01_Montebello.transect_stereoBRUVs","NCB707","-20.256","115.36375","20150121","8:48:00","Montebello","Fished",NA,"41.3","Katrina","Yes","Yes",NA
"Pilbara Marine Conservation Partnership","2015-01_Montebello.transect_stereoBRUVs","NCB708","-20.248","115.35784","20150121","8:53:00","Montebello","Fished",NA,"50.4","Katrina","Yes","Yes",NA
"Pilbara Marine Conservation Partnership","2015-01_Montebello.transect_stereoBRUVs","NCB709","-20.242","115.35425","20150121","8:56:00","Montebello","Fished",NA,"25.4","Katrina","Yes","Yes",NA
"Pilbara Marine Conservation Partnership","2015-01_Montebello.transect_stereoBRUVs","NCB710","-20.235","115.35024","20150121","9:01:00","Montebello","Fished",NA,"23.1","Katrina","Yes","No",NA
"Pilbara Marine Conservation Partnership","2015-01_Montebello.transect_stereoBRUVs","NCB711","-20.227","115.35444","20150121","9:05:00","Montebello","Fished",NA,"19.9","Katrina","Yes","Yes",NA
"Pilbara Marine Conservation Partnership","2015-01_Montebello.transect_stereoBRUVs","NCB712","-20.219","115.35737","20150121","9:09:00","Montebello","Fished",NA,"48","Katrina","Yes","Yes",NA
"Pilbara Marine Conservation Partnership","2015-01_Montebello.transect_stereoBRUVs","NCB713","-20.211","115.35904","20150121","9:13:00","Montebello","Fished",NA,"43","Katrina","Yes","Yes",NA
"Pilbara Marine Conservation Partnership","2015-01_Montebello.transect_stereoBRUVs","NCB714","-20.202","115.36106","20150121","9:17:00","Montebello","Fished",NA,"39.5","Katrina","Yes","No",NA
"Pilbara Marine Conservation Partnership","2015-01_Montebello.transect_stereoBRUVs","NCB715","-20.194","115.36173","20150121","9:22:00","Montebello","Fished",NA,"52.2","Katrina","Yes","Yes",NA
"Pilbara Marine Conservation Partnership","2015-01_Montebello.transect_stereoBRUVs","NCB716","-20.247","115.33094","20150121","11:26:00","Montebello","Fished",NA,"41.3","Katrina","Yes","Yes",NA
"Pilbara Marine Conservation Partnership","2015-01_Montebello.transect_stereoBRUVs","NCB717","-20.239","115.33223","20150121","11:30:00","Montebello","Fished",NA,"41.6","Katrina","Yes","Yes",NA
"Pilbara Marine Conservation Partnership","2015-01_Montebello.transect_stereoBRUVs","NCB718","-20.233","115.33335","20150121","11:33:00","Montebello","Fished",NA,"41.1","Todd","Yes","Yes",NA
"Pilbara Marine Conservation Partnership","2015-01_Montebello.transect_stereoBRUVs","NCB719","-20.225","115.33253","20150121","11:36:00","Montebello","Fished",NA,"51.5","Todd","Yes","Yes",NA
"Pilbara Marine Conservation Partnership","2015-01_Montebello.transect_stereoBRUVs","NCB720","-20.216","115.33145","20150121","11:40:00","Montebello","Fished",NA,"42.5","Todd","Yes","Yes",NA
"Pilbara Marine Conservation Partnership","2015-01_Montebello.transect_stereoBRUVs","NCB721","-20.207","115.33126","20150121","11:45:00","Montebello","Fished",NA,"53.3","Todd","Yes","Yes",NA
"Pilbara Marine Conservation Partnership","2015-01_Montebello.transect_stereoBRUVs","NCB722","-20.199","115.33322","20150121","11:48:00","Montebello","Fished",NA,"52.7","Todd","Yes","Yes",NA
"Pilbara Marine Conservation Partnership","2015-01_Montebello.transect_stereoBRUVs","NCB723","-20.191","115.33459","20150121","11:53:00","Montebello","Fished",NA,"55.3","Todd","Yes","Yes",NA
"Pilbara Marine Conservation Partnership","2015-01_Montebello.transect_stereoBRUVs","NCB724","-20.182","115.33233","20150121","11:55:00","Montebello","Fished",NA,"57.4","Todd","Yes","Yes",NA
"Pilbara Marine Conservation Partnership","2015-01_Montebello.transect_stereoBRUVs","NCB725","-20.175","115.32552","20150121","11:59:00","Montebello","Fished",NA,"59.2","Todd","Yes","Yes",NA
"Rottnest Island Marine Reserve long-term monitoring","2009-07_Rottnest.sanctuaries_stereoBRUVs","9AC1-1","-31.98670238","115.5188948","20090705","14:53:00","Armstrong","Fished","AC1","6","Ben S","Yes","Yes",NA
"Rottnest Island Marine Reserve long-term monitoring","2009-07_Rottnest.sanctuaries_stereoBRUVs","9AC1-2","-31.98670238","115.5188948","20090705","14:55:00","Armstrong","Fished","AC1","7","Russ","Yes","Yes",NA
"Rottnest Island Marine Reserve long-term monitoring","2009-07_Rottnest.sanctuaries_stereoBRUVs","9AC1-3","-31.98670238","115.5188948","20090705","14:58:00","Armstrong","Fished","AC1","7","Russ","Yes","Yes","SA"
"Rottnest Island Marine Reserve long-term monitoring","2009-07_Rottnest.sanctuaries_stereoBRUVs","9AC1-4","-31.98670238","115.5188948","20090705","15:01:00","Armstrong","Fished","AC1","6","Russ","Yes","Yes","MAC"
"Rottnest Island Marine Reserve long-term monitoring","2009-07_Rottnest.sanctuaries_stereoBRUVs","9AC2-1","-31.98670238","115.5188948","20090705","15:03:00","Armstrong","Fished","AC2","10","Russ","Yes","Yes","SA"
"Rottnest Island Marine Reserve long-term monitoring","2009-07_Rottnest.sanctuaries_stereoBRUVs","9AC2-2","-31.98670238","115.5188948","20090705","15:06:00","Armstrong","Fished","AC2","8","Russ","Yes","Yes","SA"
"Rottnest Island Marine Reserve long-term monitoring","2009-07_Rottnest.sanctuaries_stereoBRUVs","9AC2-3","-31.98670238","115.5188948","20090705","15:09:00","Armstrong","Fished","AC2","9","Russ","Yes","Yes","MAC"
"Rottnest Island Marine Reserve long-term monitoring","2009-07_Rottnest.sanctuaries_stereoBRUVs","9AC2-4","-31.98670238","115.5188948","20090705","15:11:00","Armstrong","Fished","AC2","6","Russ","Yes","Yes","MAC"
"Rottnest Island Marine Reserve long-term monitoring","2009-07_Rottnest.sanctuaries_stereoBRUVs","9AC3-1","-31.9927685","115.4984064","20090704","14:33:00","Armstrong","Fished","AC3","5","Ben S","Yes","Yes","ECK"
"Rottnest Island Marine Reserve long-term monitoring","2009-07_Rottnest.sanctuaries_stereoBRUVs","9AC3-2","-31.9927685","115.4984064","20090704","14:36:00","Armstrong","Fished","AC3","5","Laura","Yes","Yes",NA
"Rottnest Island Marine Reserve long-term monitoring","2009-07_Rottnest.sanctuaries_stereoBRUVs","9AC3-3","-31.9927685","115.4984064","20090704","14:39:00","Armstrong","Fished","AC3","5","BenP","Yes","Yes","SA"
"Rottnest Island Marine Reserve long-term monitoring","2009-07_Rottnest.sanctuaries_stereoBRUVs","9AC3-4","-31.9927685","115.4984064","20090704","14:42:00","Armstrong","Fished","AC3","8","BenP","No","No",NA
"Rottnest Island Marine Reserve long-term monitoring","2009-07_Rottnest.sanctuaries_stereoBRUVs","9AC4-1","-31.9927685","115.4984064","20090704","14:45:00","Armstrong","Fished","AC4","8","Ben S","Yes","Yes","MAC"
"Rottnest Island Marine Reserve long-term monitoring","2009-07_Rottnest.sanctuaries_stereoBRUVs","9AC4-2","-31.9927685","115.4984064","20090704","14:48:00","Armstrong","Fished","AC4","7","Sam","Yes","Yes","SA"
"Rottnest Island Marine Reserve long-term monitoring","2009-07_Rottnest.sanctuaries_stereoBRUVs","9AC4-3","-31.9927685","115.4984064","20090704","14:50:00","Armstrong","Fished","AC4","8","Bryce","Yes","Yes","MAC"
"Rottnest Island Marine Reserve long-term monitoring","2009-07_Rottnest.sanctuaries_stereoBRUVs","9AC4-4","-31.9927685","115.4984064","20090704","14:53:00","Armstrong","Fished","AC4","5","Laura","Yes","No","MAC"
"Rottnest Island Marine Reserve long-term monitoring","2009-07_Rottnest.sanctuaries_stereoBRUVs","9AR1-1","-31.99046705","115.5078664","20090705","13:34:00","Armstrong","No-take","AR1","6","Laura","Yes","Yes","MAC"
"Rottnest Island Marine Reserve long-term monitoring","2009-07_Rottnest.sanctuaries_stereoBRUVs","9AR1-2","-31.99046705","115.5078664","20090705","13:24:00","Armstrong","No-take","AR1","8","Laura","Yes","Yes","MAC"
"Rottnest Island Marine Reserve long-term monitoring","2009-07_Rottnest.sanctuaries_stereoBRUVs","9AR1-3","-31.99046705","115.5078664","20090705","13:28:00","Armstrong","No-take","AR1","7","Laura","Yes","Yes","SA"
"Rottnest Island Marine Reserve long-term monitoring","2009-07_Rottnest.sanctuaries_stereoBRUVs","9AR1-4","-31.99046705","115.5078664","20090705","13:31:00","Armstrong","No-take","AR1","8","Laura","Yes","Yes",NA
"Rottnest Island Marine Reserve long-term monitoring","2009-07_Rottnest.sanctuaries_stereoBRUVs","9AR2-1","-31.99046705","115.5078664","20090705","13:16:00","Armstrong","No-take","AR2","8","Russ","Yes","Yes","MAC"
"Rottnest Island Marine Reserve long-term monitoring","2009-07_Rottnest.sanctuaries_stereoBRUVs","9AR2-2","-31.99046705","115.5078664","20090705","13:37:00","Armstrong","No-take","AR2","8","Laura","Yes","Yes",NA
"Rottnest Island Marine Reserve long-term monitoring","2009-07_Rottnest.sanctuaries_stereoBRUVs","9AR2-3","-31.99046705","115.5078664","20090705","13:40:00","Armstrong","No-take","AR2","10","Laura","Yes","Yes","MAC"
"Rottnest Island Marine Reserve long-term monitoring","2009-07_Rottnest.sanctuaries_stereoBRUVs","9AR2-4","-31.99046705","115.5078664","20090705","13:44:00","Armstrong","No-take","AR2","10","Laura","No","No",NA
"Rottnest Island Marine Reserve long-term monitoring","2009-07_Rottnest.sanctuaries_stereoBRUVs","9GC1-1","-32.02269251","115.4810697","20090704","07:20:00","Green.Island","Fished","GC1","6","BenP","Yes","Yes",NA
"Rottnest Island Marine Reserve long-term monitoring","2009-07_Rottnest.sanctuaries_stereoBRUVs","9GC1-2","-32.02269251","115.4810697","20090704","07:45:00","Green.Island","Fished","GC1","6","BenP","Yes","Yes","MAC"
"Rottnest Island Marine Reserve long-term monitoring","2009-07_Rottnest.sanctuaries_stereoBRUVs","9GC1-3","-32.02269251","115.4810697","20090704","07:49:00","Green.Island","Fished","GC1","8","Ben S","Yes","Yes","SG"
"Rottnest Island Marine Reserve long-term monitoring","2009-07_Rottnest.sanctuaries_stereoBRUVs","9GC1-4","-32.02269251","115.4810697","20090704","07:30:00","Green.Island","Fished","GC1","11","Ben S","Yes","Yes","ECK"
"Rottnest Island Marine Reserve long-term monitoring","2009-07_Rottnest.sanctuaries_stereoBRUVs","9GC2-1","-32.02269251","115.4810697","20090704","07:25:00","Green.Island","Fished","GC2","13","BenP","Yes","Yes","SA"
"Rottnest Island Marine Reserve long-term monitoring","2009-07_Rottnest.sanctuaries_stereoBRUVs","9GC2-2","-32.02269251","115.4810697","20090704","08:53:00","Green.Island","Fished","GC2","8","Bryce","Yes","Yes","ECK"
"Rottnest Island Marine Reserve long-term monitoring","2009-07_Rottnest.sanctuaries_stereoBRUVs","9GC2-3","-32.02269251","115.4810697","20090704","07:33:00","Green.Island","Fished","GC2","12","Sam","Yes","Yes","SA"
"Rottnest Island Marine Reserve long-term monitoring","2009-07_Rottnest.sanctuaries_stereoBRUVs","9GC2-4","-32.02269251","115.4810697","20090704","07:41:00","Green.Island","Fished","GC2","6","Sam","Yes","Yes",NA
"Rottnest Island Marine Reserve long-term monitoring","2009-07_Rottnest.sanctuaries_stereoBRUVs","9GC3-1","-32.02119923","115.5122283","20090704","10:10:00","Green.Island","Fished","GC3","7","Sam","Yes","Yes","SA"
"Rottnest Island Marine Reserve long-term monitoring","2009-07_Rottnest.sanctuaries_stereoBRUVs","9GC3-2","-32.02119923","115.5122283","20090704","11:03:00","Green.Island","Fished","GC3","5","Bryce","Yes","Yes","MAC"
"Rottnest Island Marine Reserve long-term monitoring","2009-07_Rottnest.sanctuaries_stereoBRUVs","9GC3-3","-32.02119923","115.5122283","20090704","11:07:00","Green.Island","Fished","GC3","10","Ben S","Yes","Yes","ECK"
"Rottnest Island Marine Reserve long-term monitoring","2009-07_Rottnest.sanctuaries_stereoBRUVs","9GC3-4","-32.02119923","115.5122283","20090704","11:10:00","Green.Island","Fished","GC3","6","Sam","Yes","Yes","MAC"
"Rottnest Island Marine Reserve long-term monitoring","2009-07_Rottnest.sanctuaries_stereoBRUVs","9GC4-1","-32.02119923","115.5122283","20090704","10:14:00","Green.Island","Fished","GC4","8","Sam","Yes","Yes","ECK"
"Rottnest Island Marine Reserve long-term monitoring","2009-07_Rottnest.sanctuaries_stereoBRUVs","9GC4-2","-32.02119923","115.5122283","20090704","10:18:00","Green.Island","Fished","GC4","7",NA,"Yes","Yes","SA"
"Rottnest Island Marine Reserve long-term monitoring","2009-07_Rottnest.sanctuaries_stereoBRUVs","9GC4-3","-32.02119923","115.5122283","20090704","10:21:00","Green.Island","Fished","GC4","10","Bryce","Yes","Yes","MAC"
"Rottnest Island Marine Reserve long-term monitoring","2009-07_Rottnest.sanctuaries_stereoBRUVs","9GC4-4","-32.02119923","115.5122283","20090704","11:00:00","Green.Island","Fished","GC4","6","BenP","Yes","Yes","SA"
"Rottnest Island Marine Reserve long-term monitoring","2009-07_Rottnest.sanctuaries_stereoBRUVs","9GR1-1","-32.02166455","115.5034323","20090704","09:30:00","Green.Island","No-take","GR1","12","BenP","Yes","Yes",NA
"Rottnest Island Marine Reserve long-term monitoring","2009-07_Rottnest.sanctuaries_stereoBRUVs","9GR1-2","-32.02166455","115.5034323","20090704","09:32:00","Green.Island","No-take","GR1","12","Ben S","Yes","Yes","MAC"
"Rottnest Island Marine Reserve long-term monitoring","2009-07_Rottnest.sanctuaries_stereoBRUVs","9GR1-3","-32.02166455","115.5034323","20090704","09:35:00","Green.Island","No-take","GR1","8","Bryce","Yes","Yes","MAC"
"Rottnest Island Marine Reserve long-term monitoring","2009-07_Rottnest.sanctuaries_stereoBRUVs","9GR1-4","-32.02166455","115.5034323","20090704","07:55:00","Green.Island","No-take","GR1","14","Sam","Yes","Yes","SG"
"Rottnest Island Marine Reserve long-term monitoring","2009-07_Rottnest.sanctuaries_stereoBRUVs","9GR2-1","-32.02166455","115.5034323","20090704","08:45:00","Green.Island","No-take","GR2","13","Bryce","Yes","Yes","SG"
"Rottnest Island Marine Reserve long-term monitoring","2009-07_Rottnest.sanctuaries_stereoBRUVs","9GR2-2","-32.02166455","115.5034323","20090704","08:47:00","Green.Island","No-take","GR2","6","Bryce","No","No",NA
"Rottnest Island Marine Reserve long-term monitoring","2009-07_Rottnest.sanctuaries_stereoBRUVs","9GR2-3","-32.02166455","115.5034323","20090704","08:51:00","Green.Island","No-take","GR2","7","Bryce","Yes","Yes","MAC"
"Rottnest Island Marine Reserve long-term monitoring","2009-07_Rottnest.sanctuaries_stereoBRUVs","9GR2-4","-32.02166455","115.5034323","20090704","09:38:00","Green.Island","No-take","GR2","18","Russ","Yes","Yes","MAC"
"Rottnest Island Marine Reserve long-term monitoring","2009-07_Rottnest.sanctuaries_stereoBRUVs","9KC1-1","-32.00922502","115.5632983","20090702","14:42:00","Kingston","Fished","KC1","7","Bryce","Yes","Yes","SA"
"Rottnest Island Marine Reserve long-term monitoring","2009-07_Rottnest.sanctuaries_stereoBRUVs","9KC1-2","-32.00922502","115.5632983","20090702","14:50:00","Kingston","Fished","KC1","4","Bryce","Yes","Yes","SA"
"Rottnest Island Marine Reserve long-term monitoring","2009-07_Rottnest.sanctuaries_stereoBRUVs","9KC1-3","-32.00922502","115.5632983","20090702","15:00:00","Kingston","Fished","KC1","5","Bryce","Yes","Yes","SG"
"Rottnest Island Marine Reserve long-term monitoring","2009-07_Rottnest.sanctuaries_stereoBRUVs","9KC1-4","-32.00922502","115.5632983","20090702","15:55:00","Kingston","Fished","KC1","8","Bryce","Yes","Yes","MAC"
"Rottnest Island Marine Reserve long-term monitoring","2009-07_Rottnest.sanctuaries_stereoBRUVs","9KC2-1","-32.00922502","115.5632983","20090702","13:30:00","Kingston","Fished","KC2","6","BenP","Yes","No","SA"
"Rottnest Island Marine Reserve long-term monitoring","2009-07_Rottnest.sanctuaries_stereoBRUVs","9KC2-2","-32.00922502","115.5632983","20090702","13:40:00","Kingston","Fished","KC2","9","Bryce","Yes","No","SG"
"Rottnest Island Marine Reserve long-term monitoring","2009-07_Rottnest.sanctuaries_stereoBRUVs","9KC2-3","-32.00922502","115.5632983","20090702","13:50:00","Kingston","Fished","KC2","6","Sam","Yes","Yes",NA
"Rottnest Island Marine Reserve long-term monitoring","2009-07_Rottnest.sanctuaries_stereoBRUVs","9KC2-4","-32.00922502","115.5632983","20090702","14:15:00","Kingston","Fished","KC2","8","Sam","Yes","Yes",NA
"Rottnest Island Marine Reserve long-term monitoring","2009-07_Rottnest.sanctuaries_stereoBRUVs","9KC3-1","-31.98675933","115.544321","20090703","15:25:00","Kingston","Fished","KC3","7","BenP","Yes","Yes","MAC"
"Rottnest Island Marine Reserve long-term monitoring","2009-07_Rottnest.sanctuaries_stereoBRUVs","9KC3-2","-31.98675933","115.544321","20090703","15:30:00","Kingston","Fished","KC3","4","Jordan","Yes","Yes","MAC"
"Rottnest Island Marine Reserve long-term monitoring","2009-07_Rottnest.sanctuaries_stereoBRUVs","9KC3-3","-31.98675933","115.544321","20090703","15:33:00","Kingston","Fished","KC3","5","Ben S","Yes","Yes","MAC"
"Rottnest Island Marine Reserve long-term monitoring","2009-07_Rottnest.sanctuaries_stereoBRUVs","9KC3-4","-31.98675933","115.544321","20090703","15:35:00","Kingston","Fished","KC3","8","Ben S","Yes","Yes","SA"
"Rottnest Island Marine Reserve long-term monitoring","2009-07_Rottnest.sanctuaries_stereoBRUVs","9KC4-1","-31.98675933","115.544321","20090705","11:37:00","Kingston","Fished","KC4","8","Laura","Yes","Yes","MAC"
"Rottnest Island Marine Reserve long-term monitoring","2009-07_Rottnest.sanctuaries_stereoBRUVs","9KC4-2","-31.98675933","115.544321","20090705","11:39:00","Kingston","Fished","KC4","6","Laura","Yes","Yes","ECK"
"Rottnest Island Marine Reserve long-term monitoring","2009-07_Rottnest.sanctuaries_stereoBRUVs","9KC4-3","-31.98675933","115.544321","20090705","11:43:00","Kingston","Fished","KC4","10","Ben S","Yes","Yes",NA
"Rottnest Island Marine Reserve long-term monitoring","2009-07_Rottnest.sanctuaries_stereoBRUVs","9KC4-4","-31.98675933","115.544321","20090705","11:47:00","Kingston","Fished","KC4","9","Laura","Yes","Yes","ECK"
"Rottnest Island Marine Reserve long-term monitoring","2009-07_Rottnest.sanctuaries_stereoBRUVs","9KR1-1","-31.99074971","115.5608568","20090702","16:05:00","Kingston","No-take","KR1","4","Ben S","Yes","Yes",NA
"Rottnest Island Marine Reserve long-term monitoring","2009-07_Rottnest.sanctuaries_stereoBRUVs","9KR1-2","-31.99074971","115.5608568","20090702","16:10:00","Kingston","No-take","KR1","4","Sam","Yes","Yes",NA
"Rottnest Island Marine Reserve long-term monitoring","2009-07_Rottnest.sanctuaries_stereoBRUVs","9KR1-3","-31.99074971","115.5608568","20090702","16:15:00","Kingston","No-take","KR1","5","Sam","Yes","Yes","SA"
"Rottnest Island Marine Reserve long-term monitoring","2009-07_Rottnest.sanctuaries_stereoBRUVs","9KR1-4","-31.99074971","115.5608568","20090702","16:30:00","Kingston","No-take","KR1","5","Ben S","Yes","Yes","SA"
"Rottnest Island Marine Reserve long-term monitoring","2009-07_Rottnest.sanctuaries_stereoBRUVs","9KR2-1","-31.99074971","115.5608568","20090705","11:22:00","Kingston","No-take","KR2","4","Laura","Yes","Yes","SA"
"Rottnest Island Marine Reserve long-term monitoring","2009-07_Rottnest.sanctuaries_stereoBRUVs","9KR2-2","-31.99074971","115.5608568","20090705","11:25:00","Kingston","No-take","KR2","6","Laura","Yes","Yes","MAC"
"Rottnest Island Marine Reserve long-term monitoring","2009-07_Rottnest.sanctuaries_stereoBRUVs","9KR2-3","-31.99074971","115.5608568","20090705","11:28:00","Kingston","No-take","KR2","5","Laura","Yes","Yes","SG"
"Rottnest Island Marine Reserve long-term monitoring","2009-07_Rottnest.sanctuaries_stereoBRUVs","9KR2-4","-31.99074971","115.5608568","20090705","11:30:00","Kingston","No-take","KR2","6","Laura","Yes","Yes","MAC"
"Rottnest Island Marine Reserve long-term monitoring","2009-07_Rottnest.sanctuaries_stereoBRUVs","9PC1-1","-32.02261425","115.5423367","20090705","07:50:00","Parker.Point","Fished","PC1","10","Laura","Yes","Yes","SA"
"Rottnest Island Marine Reserve long-term monitoring","2009-07_Rottnest.sanctuaries_stereoBRUVs","9PC1-2","-32.02261425","115.5423367","20090705","07:40:00","Parker.Point","Fished","PC1","8","Laura","No","No",NA
"Rottnest Island Marine Reserve long-term monitoring","2009-07_Rottnest.sanctuaries_stereoBRUVs","9PC1-3","-32.02261425","115.5423367","20090705","07:43:00","Parker.Point","Fished","PC1","8","Laura","Yes","Yes","ECK"
"Rottnest Island Marine Reserve long-term monitoring","2009-07_Rottnest.sanctuaries_stereoBRUVs","9PC1-4","-32.02261425","115.5423367","20090705","07:47:00","Parker.Point","Fished","PC1","8","Laura","Yes","Yes","MAC"
"Rottnest Island Marine Reserve long-term monitoring","2009-07_Rottnest.sanctuaries_stereoBRUVs","9PC2-1","-32.02261425","115.5423367","20090705","07:36:00","Parker.Point","Fished","PC2","9","Bryce","Yes","Yes","SA"
"Rottnest Island Marine Reserve long-term monitoring","2009-07_Rottnest.sanctuaries_stereoBRUVs","9PC2-2","-32.02261425","115.5423367","20090705","07:54:00","Parker.Point","Fished","PC2","6","Bryce","Yes","Yes","ECK"
"Rottnest Island Marine Reserve long-term monitoring","2009-07_Rottnest.sanctuaries_stereoBRUVs","9PC2-3","-32.02261425","115.5423367","20090705","08:03:00","Parker.Point","Fished","PC2","8","Bryce","Yes","Yes","MAC"
"Rottnest Island Marine Reserve long-term monitoring","2009-07_Rottnest.sanctuaries_stereoBRUVs","9PC2-4","-32.02261425","115.5423367","20090705","08:07:00","Parker.Point","Fished","PC2","7","Bryce","Yes","Yes",NA
"Rottnest Island Marine Reserve long-term monitoring","2009-07_Rottnest.sanctuaries_stereoBRUVs","9PC3-1","-32.0217287","115.5162548","20090705","09:44:00","Parker.Point","Fished","PC3","4","Jordan","Yes","Yes",NA
"Rottnest Island Marine Reserve long-term monitoring","2009-07_Rottnest.sanctuaries_stereoBRUVs","9PC3-2","-32.0217287","115.5162548","20090705","09:23:00","Parker.Point","Fished","PC3","6","Ben S","Yes","Yes","ECK"
"Rottnest Island Marine Reserve long-term monitoring","2009-07_Rottnest.sanctuaries_stereoBRUVs","9PC3-3","-32.0217287","115.5162548","20090705","09:26:00","Parker.Point","Fished","PC3","6","Ben S","Yes","Yes","MAC"
"Rottnest Island Marine Reserve long-term monitoring","2009-07_Rottnest.sanctuaries_stereoBRUVs","9PC3-4","-32.0217287","115.5162548","20090705","09:30:00","Parker.Point","Fished","PC3","10","Ben S","No","No",NA
"Rottnest Island Marine Reserve long-term monitoring","2009-07_Rottnest.sanctuaries_stereoBRUVs","9PC4-1","-32.0217287","115.5162548","20090705","09:32:00","Parker.Point","Fished","PC4","8","BenP","Yes","Yes",NA
"Rottnest Island Marine Reserve long-term monitoring","2009-07_Rottnest.sanctuaries_stereoBRUVs","9PC4-2","-32.0217287","115.5162548","20090705","09:36:00","Parker.Point","Fished","PC4","8","BenP","Yes","Yes",NA
"Rottnest Island Marine Reserve long-term monitoring","2009-07_Rottnest.sanctuaries_stereoBRUVs","9PC4-3","-32.0217287","115.5162548","20090705","09:39:00","Parker.Point","Fished","PC4","6","Jordan","Yes","Yes","ECK"
"Rottnest Island Marine Reserve long-term monitoring","2009-07_Rottnest.sanctuaries_stereoBRUVs","9PC4-4","-32.0217287","115.5162548","20090705","09:20:00","Parker.Point","Fished","PC4","7","Bryce","Yes","Yes","MAC"
"Rottnest Island Marine Reserve long-term monitoring","2009-07_Rottnest.sanctuaries_stereoBRUVs","9PR1-1","-32.02643384","115.5238024","20090703","07:35:00","Parker.Point","No-take","PR1","11","BenP","Yes","Yes","MAC"
"Rottnest Island Marine Reserve long-term monitoring","2009-07_Rottnest.sanctuaries_stereoBRUVs","9PR1-2","-32.02643384","115.5238024","20090703","08:10:00","Parker.Point","No-take","PR1","10","Ben S","Yes","Yes",NA
"Rottnest Island Marine Reserve long-term monitoring","2009-07_Rottnest.sanctuaries_stereoBRUVs","9PR1-3","-32.02643384","115.5238024","20090703","08:20:00","Parker.Point","No-take","PR1","7","Ben S","Yes","Yes","MAC"
"Rottnest Island Marine Reserve long-term monitoring","2009-07_Rottnest.sanctuaries_stereoBRUVs","9PR1-4","-32.02643384","115.5238024","20090703","08:27:00","Parker.Point","No-take","PR1","2","Jordan","Yes","Yes","MAC"
"Rottnest Island Marine Reserve long-term monitoring","2009-07_Rottnest.sanctuaries_stereoBRUVs","9PR2-1","-32.02643384","115.5238024","20090703","07:25:00","Parker.Point","No-take","PR2","7","Bryce","Yes","Yes","MAC"
"Rottnest Island Marine Reserve long-term monitoring","2009-07_Rottnest.sanctuaries_stereoBRUVs","9PR2-2","-32.02643384","115.5238024","20090703","07:55:00","Parker.Point","No-take","PR2","6","Ben S","No","No",NA
"Rottnest Island Marine Reserve long-term monitoring","2009-07_Rottnest.sanctuaries_stereoBRUVs","9PR2-3","-32.02643384","115.5238024","20090703","07:45:00","Parker.Point","No-take","PR2","6","Sam","Yes","Yes",NA
"Rottnest Island Marine Reserve long-term monitoring","2009-07_Rottnest.sanctuaries_stereoBRUVs","9PR2-4","-32.02643384","115.5238024","20090703","08:05:00","Parker.Point","No-take","PR2","8","Jordan","Yes","Yes",NA
"Rottnest Island Marine Reserve long-term monitoring","2009-07_Rottnest.sanctuaries_stereoBRUVs","9WC1-1","-32.01628364","115.4512739","20090704","12:51:00","West.End","Fished","WC1","9","BenP","Yes","Yes","MAC"
"Rottnest Island Marine Reserve long-term monitoring","2009-07_Rottnest.sanctuaries_stereoBRUVs","9WC1-2","-32.01628364","115.4512739","20090704","12:40:00","West.End","Fished","WC1","8","Bryce","Yes","Yes","ECK"
"Rottnest Island Marine Reserve long-term monitoring","2009-07_Rottnest.sanctuaries_stereoBRUVs","9WC1-3","-32.01628364","115.4512739","20090704","12:42:00","West.End","Fished","WC1","9",NA,"Yes","Yes",NA
"Rottnest Island Marine Reserve long-term monitoring","2009-07_Rottnest.sanctuaries_stereoBRUVs","9WC1-4","-32.01628364","115.4512739","20090704","12:45:00","West.End","Fished","WC1","10","Ben S","No","No",NA
"Rottnest Island Marine Reserve long-term monitoring","2009-07_Rottnest.sanctuaries_stereoBRUVs","9WC2-1","-32.01628364","115.4512739","20090704","12:34:00","West.End","Fished","WC2","10","Jordan","Yes","Yes","SA"
"Rottnest Island Marine Reserve long-term monitoring","2009-07_Rottnest.sanctuaries_stereoBRUVs","9WC2-2","-32.01628364","115.4512739","20090704","12:53:00","West.End","Fished","WC2","9","Sam","No","No",NA
"Rottnest Island Marine Reserve long-term monitoring","2009-07_Rottnest.sanctuaries_stereoBRUVs","9WC2-3","-32.01628364","115.4512739","20090704","12:56:00","West.End","Fished","WC2","5","Russ","Yes","Yes","MAC"
"Rottnest Island Marine Reserve long-term monitoring","2009-07_Rottnest.sanctuaries_stereoBRUVs","9WC2-4","-32.01628364","115.4512739","20090704","13:00:00","West.End","Fished","WC2","10","Russ","Yes","Yes","MAC"
"Rottnest Island Marine Reserve long-term monitoring","2009-07_Rottnest.sanctuaries_stereoBRUVs","9WC3-1","-32.02434855","115.4697714","20090703","09:53:00","West.End","Fished","WC3","10","Russ","Yes","No",NA
"Rottnest Island Marine Reserve long-term monitoring","2009-07_Rottnest.sanctuaries_stereoBRUVs","9WC3-2","-32.02434855","115.4697714","20090703","09:58:00","West.End","Fished","WC3","10","Bryce","Yes","Yes",NA
"Rottnest Island Marine Reserve long-term monitoring","2009-07_Rottnest.sanctuaries_stereoBRUVs","9WC3-3","-32.02434855","115.4697714","20090703","10:03:00","West.End","Fished","WC3","14","Bryce","Yes","Yes",NA
"Rottnest Island Marine Reserve long-term monitoring","2009-07_Rottnest.sanctuaries_stereoBRUVs","9WC3-4","-32.02434855","115.4697714","20090703","10:07:00","West.End","Fished","WC3","14","BenP","Yes","Yes",NA
"Rottnest Island Marine Reserve long-term monitoring","2009-07_Rottnest.sanctuaries_stereoBRUVs","9WC4-1","-32.02434855","115.4697714","20090703","10:11:00","West.End","Fished","WC4","10","Bryce","Yes","Yes","ECK"
"Rottnest Island Marine Reserve long-term monitoring","2009-07_Rottnest.sanctuaries_stereoBRUVs","9WC4-2","-32.02434855","115.4697714","20090703","10:15:00","West.End","Fished","WC4","4","Russ","Yes","No","ECK"
"Rottnest Island Marine Reserve long-term monitoring","2009-07_Rottnest.sanctuaries_stereoBRUVs","9WC4-3","-32.02434855","115.4697714","20090703","10:20:00","West.End","Fished","WC4","4","BenP","Yes","Yes","ECK"
"Rottnest Island Marine Reserve long-term monitoring","2009-07_Rottnest.sanctuaries_stereoBRUVs","9WC4-4","-32.02434855","115.4697714","20090703","10:23:00","West.End","Fished","WC4","7","Russ","Yes","Yes",NA
"Rottnest Island Marine Reserve long-term monitoring","2009-07_Rottnest.sanctuaries_stereoBRUVs","9WR1-1","-32.02151936","115.4461109","20090703","12:05:00","West.End","No-take","WR1","5","BenP","Yes","Yes","ECK"
"Rottnest Island Marine Reserve long-term monitoring","2009-07_Rottnest.sanctuaries_stereoBRUVs","9WR1-2","-32.02151936","115.4461109","20090703","12:10:00","West.End","No-take","WR1","12","BenP","Yes","Yes",NA
"Rottnest Island Marine Reserve long-term monitoring","2009-07_Rottnest.sanctuaries_stereoBRUVs","9WR1-3","-32.02151936","115.4461109","20090703","12:35:00","West.End","No-take","WR1","7","BenP","Yes","Yes","ECK"
"Rottnest Island Marine Reserve long-term monitoring","2009-07_Rottnest.sanctuaries_stereoBRUVs","9WR1-4","-32.02151936","115.4461109","20090703","12:40:00","West.End","No-take","WR1","6","BenP","Yes","Yes",NA
"Rottnest Island Marine Reserve long-term monitoring","2009-07_Rottnest.sanctuaries_stereoBRUVs","9WR2-1","-32.02151936","115.4461109","20090703","12:28:00","West.End","No-take","WR2","14","Sam","Yes","Yes","MAC"
"Rottnest Island Marine Reserve long-term monitoring","2009-07_Rottnest.sanctuaries_stereoBRUVs","9WR2-2","-32.02151936","115.4461109","20090703","12:31:00","West.End","No-take","WR2","10",NA,"No","No","MAC"
"Rottnest Island Marine Reserve long-term monitoring","2009-07_Rottnest.sanctuaries_stereoBRUVs","9WR2-3","-32.02151936","115.4461109","20090703","12:15:00","West.End","No-take","WR2","11","BenP","Yes","Yes","MAC"
"Rottnest Island Marine Reserve long-term monitoring","2009-07_Rottnest.sanctuaries_stereoBRUVs","9WR2-4","-32.02151936","115.4461109","20090703","12:20:00","West.End","No-take","WR2","12","Sam","No","No",NA
"Rottnest Island Marine Reserve long-term monitoring","2009-07_Rottnest.sanctuaries_stereoBRUVs","9WR3-1","-32.02151936","115.4461109","20090703","13:30:00","West.End","No-take","WR3","18","BenP","Yes","Yes",NA
"Rottnest Island Marine Reserve long-term monitoring","2009-07_Rottnest.sanctuaries_stereoBRUVs","9WR3-2","-32.02151936","115.4461109","20090703","13:35:00","West.End","No-take","WR3","21","Jordan","Yes","Yes",NA
"Rottnest Island Marine Reserve long-term monitoring","2009-07_Rottnest.sanctuaries_stereoBRUVs","9WR3-3","-32.02151936","115.4461109","20090703","13:41:00","West.End","No-take","WR3","22","Bryce","Yes","Yes",NA
"Rottnest Island Marine Reserve long-term monitoring","2009-07_Rottnest.sanctuaries_stereoBRUVs","9WR3-4","-32.02151936","115.4461109","20090703","13:46:00","West.End","No-take","WR3","16","Jordan","Yes","Yes",NA
