"campaignid","sample","family","genus","species","length","range","number","comment","project","latitude","longitude","date","time","location","status","site","depth","observer","successful.count","successful.length"
"2014-05_Exmouth.to.Dampier.shallow_stereoBRUVs","NCB221","Carcharhinidae","Carcharhinus","amblyrhynchos",1060.23603,4980.76762,1,"NA","Pilbara Marine Conservation Partnership",-21.6721346,114.3293257,20140514,08:19:00,"E.Muiron.Sanctuary","No-take","NA",8.7,"Emma","Yes","Yes"
"2014-05_Exmouth.to.Dampier.shallow_stereoBRUVs","NCB124","Sphyraenidae","Sphyraena","barracuda",1159.52267,6847.78259,1,"NA","Pilbara Marine Conservation Partnership",-21.3144182,115.0532748,20140510,14:04:00,"Pilbara","Fished","NA",11.1,"Todd","Yes","Yes"
"2014-05_Exmouth.to.Dampier.shallow_stereoBRUVs","NCB224","Serranidae","Epinephelus","tukula",1377.05503,2189.04494,1,"NA","Pilbara Marine Conservation Partnership",-21.6862132,114.3096856,20140514,09:59:00,"Muirons","Fished","NA",10.5,"Emma","Yes","Yes"
"2014-05_Exmouth.to.Dampier.shallow_stereoBRUVs","NCB98","Carcharhinidae","Triaenodon","obesus",1207.96538,2814.22167,1,"NA","Pilbara Marine Conservation Partnership",-21.2385853,115.4688768,20140509,14:54:00,"Pilbara","Fished","NA",9.8,"Todd","Yes","Yes"
"2014-05_Exmouth.to.Dampier.shallow_stereoBRUVs","NCB47","Carcharhinidae","Galeocerdo","cuvier",2065.70566,5718.37422,1,"NA","Pilbara Marine Conservation Partnership",-20.7661365,116.2945435,20140507,14:35:00,"Pilbara","Fished","NA",8.3,"ET","Yes","Yes"
"2014-05_Exmouth.to.Dampier.shallow_stereoBRUVs","NCB189","Carcharhinidae","Negaprion","acutidens",2356.58118,2393.75277,1,"NA","Pilbara Marine Conservation Partnership",-21.5987301,114.6089259,20140513,07:49:00,"Pilbara","Fished","NA",8.8,"Emma","Yes","Yes"
"2014-05_Exmouth.to.Dampier.shallow_stereoBRUVs","NCB241","Scombridae","Scomberomorus","spp",1025.41105,3466.43738,1,"NA","Pilbara Marine Conservation Partnership",-21.8632557,114.1738335,20140514,13:33:00,"Bundegi.Sanctuary","No-take","NA",8.9,"Matt","Yes","Yes"
"2014-05_Exmouth.to.Dampier.shallow_stereoBRUVs","NCB181","Carcharhinidae","Carcharhinus","amblyrhynchos",1258.28245,4717.64958,1,"NA","Pilbara Marine Conservation Partnership",-21.5719721,114.6624649,20140512,14:09:00,"Pilbara","Fished","NA",7,"Emma","Yes","Yes"
"2014-05_Exmouth.to.Dampier.shallow_stereoBRUVs","NCB85","Sphyrnidae","Sphyrna","lewini",1452.53563,3075.44858,1,"NA","Pilbara Marine Conservation Partnership",-21.1158002,115.654244,20140509,09:14:00,"Pilbara","Fished","NA",7.5,"Todd","Yes","Yes"
"2014-05_Exmouth.to.Dampier.shallow_stereoBRUVs","NCB253","Carcharhinidae","Negaprion","acutidens",1955.3459,3792.85162,1,"NA","Pilbara Marine Conservation Partnership",-21.7826643,114.1764395,20140515,09:08:00,"Between.Murat.and.Lighthouse","Fished","NA",8,"Todd","Yes","Yes"
"2014-05_Exmouth.to.Dampier.shallow_stereoBRUVs","NCB208","Carcharhinidae","Negaprion","acutidens",1986.75335,2874.7754,1,"NA","Pilbara Marine Conservation Partnership",-21.6186425,114.3893691,20140513,14:41:00,"Muirons","Fished","NA",10.7,"Emma","Yes","Yes"
"2014-05_Exmouth.to.Dampier.shallow_stereoBRUVs","NCB152","Carcharhinidae","Triaenodon","obesus",1005.95514,1518.46197,1,"NA","Pilbara Marine Conservation Partnership",-21.488636,114.8873829,20140511,14:08:00,"Pilbara","Fished","NA",10.1,"Todd","Yes","Yes"
"2014-05_Exmouth.to.Dampier.shallow_stereoBRUVs","NCB250","Carcharhinidae","Carcharhinus","amboinensis",1513.17464,2204.65854,1,"NA","Pilbara Marine Conservation Partnership",-21.8031596,114.1888546,20140515,08:48:00,"Between.Murat.and.Lighthouse","Fished","NA",10.5,"Todd","Yes","Yes"
"2014-05_Exmouth.to.Dampier.shallow_stereoBRUVs","NCB126","Scombridae","Scomberomorus","spp",1001.75704,5898.86731,1,"NA","Pilbara Marine Conservation Partnership",-21.3221711,114.9890674,20140510,14:24:00,"Pilbara","Fished","NA",12.7,"Todd","Yes","Yes"
"2014-05_Exmouth.to.Dampier.shallow_stereoBRUVs","NCB186","Carcharhinidae","Carcharhinus","amblyrhynchos",1155.95713,4234.40489,1,"NA","Pilbara Marine Conservation Partnership",-21.5874858,114.6167322,20140512,15:56:00,"Pilbara","Fished","NA",10,"Emma","Yes","Yes"
"2014-05_Exmouth.to.Dampier.shallow_stereoBRUVs","NCB61","Sphyraenidae","Sphyraena","barracuda",1222.45532,3272.0029,1,"NA","Pilbara Marine Conservation Partnership",-20.8760258,115.9257572,20140508,12:19:00,"Pilbara","Fished","NA",7.6,"ET","Yes","Yes"
"2014-05_Exmouth.to.Dampier.shallow_stereoBRUVs","NCB218","Sphyraenidae","Sphyraena","barracuda",1318.60004,1927.07524,1,"NA","Pilbara Marine Conservation Partnership",-21.6625,114.3393333,20140514,08:00:00,"E.Muiron.Sanctuary","No-take","NA",10.8,"Emma","Yes","Yes"
"2014-05_Exmouth.to.Dampier.shallow_stereoBRUVs","NCB44","Carcharhinidae","Carcharhinus","limbatus",1135.8324,5411.2377,1,"NA","Pilbara Marine Conservation Partnership",-20.758314,116.3142113,20140507,14:25:00,"Pilbara","Fished","NA",8,"Todd","Yes","Yes"
"2014-05_Exmouth.to.Dampier.shallow_stereoBRUVs","NCB71","Carcharhinidae","Carcharhinus","melanopterus",1030.8979,2933.69534,1,"NA","Pilbara Marine Conservation Partnership",-21.0060208,115.838765,20140508,15:00:00,"Pilbara","Fished","NA",7.8,"Todd","Yes","Yes"
"2014-05_Exmouth.to.Dampier.shallow_stereoBRUVs","NCB84","Carangidae","Caranx","ignobilis",1050.66007,1545.6523,1,"NA","Pilbara Marine Conservation Partnership",-21.0917795,115.6523788,20140509,08:57:00,"Pilbara","Fished","NA",8.6,"Todd","Yes","Yes"
"2014-05_Exmouth.to.Dampier.shallow_stereoBRUVs","NCB150","Carcharhinidae","Galeocerdo","cuvier",3292.3517,4903.47899,1,"NA","Pilbara Marine Conservation Partnership",-21.4774036,114.9023174,20140511,13:55:00,"Pilbara","Fished","NA",9,"Matt","Yes","Yes"
"2014-05_Exmouth.to.Dampier.shallow_stereoBRUVs","NCB120","Carcharhinidae","Triaenodon","obesus",1223.25215,2627.80055,1,"NA","Pilbara Marine Conservation Partnership",-21.3167103,115.1506088,20140510,11:57:00,"Pilbara","Fished","NA",9.3,"Emma","Yes","Yes"
"2014-05_Exmouth.to.Dampier.shallow_stereoBRUVs","NCB210","Carcharhinidae","Carcharhinus","amblyrhynchos",1171.60794,2100.62689,1,"NA","Pilbara Marine Conservation Partnership",-21.6282682,114.373542,20140513,14:52:00,"Muirons","Fished","NA",13.2,"Emma","Yes","Yes"
"2014-05_Exmouth.to.Dampier.shallow_stereoBRUVs","NCB210","Serranidae","Epinephelus","tukula",1281.79242,6810.38448,1,"NA","Pilbara Marine Conservation Partnership",-21.6282682,114.373542,20140513,14:52:00,"Muirons","Fished","NA",13.2,"Emma","Yes","Yes"
"2014-05_Exmouth.to.Dampier.shallow_stereoBRUVs","NCB137","Carcharhinidae","Triaenodon","obesus",1041.10409,3530.36102,1,"NA","Pilbara Marine Conservation Partnership",-21.4183928,114.9467082,20140511,08:14:00,"Pilbara","Fished","NA",11.9,"Emma","Yes","Yes"
"2014-05_Exmouth.to.Dampier.shallow_stereoBRUVs","NCB137","Carcharhinidae","Carcharhinus","amblyrhynchos",1641.67568,5910.28408,1,"NA","Pilbara Marine Conservation Partnership",-21.4183928,114.9467082,20140511,08:14:00,"Pilbara","Fished","NA",11.9,"Emma","Yes","Yes"
"2014-05_Exmouth.to.Dampier.shallow_stereoBRUVs","NCB183","Carcharhinidae","Negaprion","acutidens",1831.95257,2071.84834,1,"NA","Pilbara Marine Conservation Partnership",-21.589,114.6513333,20140512,14:20:00,"Pilbara","Fished","NA",8.2,"Emma","Yes","Yes"
"2014-05_Exmouth.to.Dampier.shallow_stereoBRUVs","NCB145","Sphyraenidae","Sphyraena","jello",1134.70245,2106.54026,1,"NA","Pilbara Marine Conservation Partnership",-21.4561553,115.0408559,20140511,11:00:00,"Pilbara","Fished","NA",10.3,"Matt","Yes","Yes"
"2014-05_Exmouth.to.Dampier.shallow_stereoBRUVs","NCB1","Carcharhinidae","Galeocerdo","cuvier",1742.88921,4281.74295,1,"NA","Pilbara Marine Conservation Partnership",-20.6328043,116.4647078,20140506,08:10:00,"Pilbara","Fished","NA",11.8,"Matt","Yes","Yes"
"2014-05_Exmouth.to.Dampier.shallow_stereoBRUVs","NCB234","Elopidae","Elops","hawaiensis",1004.46044,2061.97839,1,"NA","Pilbara Marine Conservation Partnership",-21.9094162,114.1533567,20140514,13:00:00,"S.Bundegi","Fished","NA",8.1,"Todd","Yes","Yes"
"2014-05_Exmouth.to.Dampier.shallow_stereoBRUVs","NCB39","Ginglymostomatidae","Nebrius","ferrugineus",1366.37224,3766.54918,1,"NA","Pilbara Marine Conservation Partnership",-20.433172,116.6250472,20140507,08:12:00,"Pilbara","Fished","NA",8.6,"Matt","Yes","Yes"
"2014-05_Exmouth.to.Dampier.shallow_stereoBRUVs","NCB201","Ginglymostomatidae","Nebrius","ferrugineus",1265.34301,1447.27224,1,"NA","Pilbara Marine Conservation Partnership",-21.7078596,114.4262009,20140513,11:57:00,"Sunday.Island","No-take","NA",8.6,"Emma","Yes","Yes"
"2014-05_Exmouth.to.Dampier.shallow_stereoBRUVs","NCB246","Scombridae","Scomberomorus","spp",1031.89624,6520.19773,1,"NA","Pilbara Marine Conservation Partnership",-21.8375754,114.1842016,20140514,15:36:00,"Between.Bundegi.and.Murat","Fished","NA",8.4,"Matt","Yes","Yes"
"2014-05_Exmouth.to.Dampier.shallow_stereoBRUVs","NCB114","Ginglymostomatidae","Nebrius","ferrugineus",1929.00594,2799.74238,1,"NA","Pilbara Marine Conservation Partnership",-21.3044384,115.219605,20140510,11:31:00,"Pilbara","Fished","NA",8.7,"Emma","Yes","Yes"
"2014-05_Exmouth.to.Dampier.shallow_stereoBRUVs","NCB114","Carcharhinidae","Triaenodon","obesus",1419.27699,4451.60283,1,"NA","Pilbara Marine Conservation Partnership",-21.3044384,115.219605,20140510,11:31:00,"Pilbara","Fished","NA",8.7,"Emma","Yes","Yes"
"2014-05_Exmouth.to.Dampier.shallow_stereoBRUVs","NCB148","Ginglymostomatidae","Nebrius","ferrugineus",1763.10362,4315.81964,1,"NA","Pilbara Marine Conservation Partnership",-21.3933443,115.0062949,20140511,11:24:00,"Pilbara","Fished","NA",10,"Emma","Yes","Yes"
"2014-05_Exmouth.to.Dampier.shallow_stereoBRUVs","NCB148","Carcharhinidae","Galeocerdo","cuvier",1046.0138,2621.42755,1,"NA","Pilbara Marine Conservation Partnership",-21.3933443,115.0062949,20140511,11:24:00,"Pilbara","Fished","NA",10,"Emma","Yes","Yes"
"2014-05_Exmouth.to.Dampier.shallow_stereoBRUVs","NCB55","Carcharhinidae","Galeocerdo","cuvier",2837.85604,4900.43426,1,"NA","Pilbara Marine Conservation Partnership",-20.8396045,116.0526003,20140508,08:18:00,"Pilbara","Fished","NA",6.7,"Matt","Yes","Yes"
"2014-05_Exmouth.to.Dampier.shallow_stereoBRUVs","NCB219","Sphyraenidae","Sphyraena","barracuda",1196.87599,2252.7206,1,"NA","Pilbara Marine Conservation Partnership",-21.6633522,114.3382293,20140514,08:04:00,"E.Muiron.Sanctuary","No-take","NA",10.1,"Emma","Yes","Yes"
"2014-05_Exmouth.to.Dampier.shallow_stereoBRUVs","NCB171","Carcharhinidae","Carcharhinus","amblyrhynchos",1124.29847,2021.23557,1,"NA","Pilbara Marine Conservation Partnership",-21.5281069,114.7454609,20140512,11:06:00,"Pilbara","Fished","NA",8,"Emma","Yes","Yes"
"2014-05_Exmouth.to.Dampier.shallow_stereoBRUVs","NCB59","Rachycentridae","Rachycentron","canadum",1032.84034,4624.0081,1,"NA","Pilbara Marine Conservation Partnership",-20.866656,115.9250388,20140508,12:09:00,"Pilbara","Fished","NA",11.3,"Todd","Yes","Yes"
"2014-05_Exmouth.to.Dampier.shallow_stereoBRUVs","NCB59","Carcharhinidae","Triaenodon","obesus",1214.78076,3889.44016,1,"NA","Pilbara Marine Conservation Partnership",-20.866656,115.9250388,20140508,12:09:00,"Pilbara","Fished","NA",11.3,"Todd","Yes","Yes"
"2014-05_Exmouth.to.Dampier.shallow_stereoBRUVs","NCB212","Carcharhinidae","Triaenodon","obesus",1315.1319,5697.77825,1,"NA","Pilbara Marine Conservation Partnership",-21.6345781,114.3646314,20140513,15:00:00,"Muirons","Fished","NA",9.7,"Emma","Yes","Yes"
"2014-05_Exmouth.to.Dampier.shallow_stereoBRUVs","NCB227","Carcharhinidae","Triaenodon","obesus",1108.82775,2364.74158,1,"NA","Pilbara Marine Conservation Partnership",-21.6983005,114.3028879,20140514,10:08:00,"Muirons","Fished","NA",8.5,"Emma","Yes","Yes"
"2014-05_Exmouth.to.Dampier.shallow_stereoBRUVs","NCB227","Carcharhinidae","Galeocerdo","cuvier",2152.26926,4679.91644,1,"NA","Pilbara Marine Conservation Partnership",-21.6983005,114.3028879,20140514,10:08:00,"Muirons","Fished","NA",8.5,"Emma","Yes","Yes"
"2014-05_Exmouth.to.Dampier.shallow_stereoBRUVs","NCB162","Carcharhinidae","Triaenodon","obesus",1236.37378,2711.17325,1,"NA","Pilbara Marine Conservation Partnership",-21.5514348,114.7808036,20140512,08:39:00,"Pilbara","Fished","NA",9.2,"Emma","Yes","Yes"
"2014-05_Exmouth.to.Dampier.shallow_stereoBRUVs","NCB162","Carcharhinidae","Carcharhinus","amblyrhynchos",1331.91345,2931.81835,1,"NA","Pilbara Marine Conservation Partnership",-21.5514348,114.7808036,20140512,08:39:00,"Pilbara","Fished","NA",9.2,"Emma","Yes","Yes"
"2014-05_Exmouth.to.Dampier.shallow_stereoBRUVs","NCB52","Rhinidae","Rhina","ancylostoma",1512.30249,5156.27513,1,"NA","Pilbara Marine Conservation Partnership",-20.8006293,116.0821848,20140508,08:01:00,"Pilbara","Fished","NA",8.8,"ET","Yes","Yes"
"2014-05_Exmouth.to.Dampier.shallow_stereoBRUVs","NCB220","Carcharhinidae","Carcharhinus","amblyrhynchos",1219.29313,5497.54047,1,"NA","Pilbara Marine Conservation Partnership",-21.667851,114.3345458,20140514,08:15:00,"E.Muiron.Sanctuary","No-take","NA",8.8,"Emma","Yes","Yes"
"2014-05_Exmouth.to.Dampier.shallow_stereoBRUVs","NCB265","Serranidae","Epinephelus","malabaricus",1135.6382,4107.45673,1,"NA","Pilbara Marine Conservation Partnership",-21.7922401,114.1441104,20140515,11:51:00,"Lighthouse.Sanctuary","No-take","NA",8.4,"Matt","Yes","Yes"
"2014-05_Exmouth.to.Dampier.shallow_stereoBRUVs","NCB188","Carcharhinidae","Triaenodon","obesus",1217.9543,2204.33047,1,"NA","Pilbara Marine Conservation Partnership",-21.5906227,114.6088808,20140512,16:00:00,"Pilbara","Fished","NA",8,"Emma","Yes","Yes"
"2014-05_Exmouth.to.Dampier.shallow_stereoBRUVs","NCB188","Carcharhinidae","Carcharhinus","amblyrhynchos",1125.23692,2833.47017,1,"NA","Pilbara Marine Conservation Partnership",-21.5906227,114.6088808,20140512,16:00:00,"Pilbara","Fished","NA",8,"Emma","Yes","Yes"
"2014-05_Exmouth.to.Dampier.shallow_stereoBRUVs","NCB67","Carcharhinidae","Negaprion","acutidens",1858.11565,2987.3781,1,"NA","Pilbara Marine Conservation Partnership",-20.9178283,115.8799327,20140508,12:46:00,"Pilbara","Fished","NA",9.8,"Todd","Yes","Yes"
"2014-05_Exmouth.to.Dampier.shallow_stereoBRUVs","NCB24","Serranidae","Epinephelus","lanceolatus",1502.05426,2365.32989,1,"NA","Pilbara Marine Conservation Partnership",-20.3612815,116.8220968,20140506,14:58:00,"Pilbara","Fished","NA",11,"Todd","Yes","Yes"
"2014-05_Exmouth.to.Dampier.shallow_stereoBRUVs","NCB157","Ginglymostomatidae","Nebrius","ferrugineus",1405.95993,3618.04125,1,"NA","Pilbara Marine Conservation Partnership",-21.5775823,114.8631005,20140511,15:10:00,"Pilbara","Fished","NA",8.6,"Todd","Yes","Yes"
"2014-05_Exmouth.to.Dampier.shallow_stereoBRUVs","NCB157","Ginglymostomatidae","Nebrius","ferrugineus",1174.93144,1794.20281,1,"NA","Pilbara Marine Conservation Partnership",-21.5775823,114.8631005,20140511,15:10:00,"Pilbara","Fished","NA",8.6,"Todd","Yes","Yes"
"2014-05_Exmouth.to.Dampier.shallow_stereoBRUVs","NCB157","Ginglymostomatidae","Nebrius","ferrugineus",1045.17771,3100.84099,1,"NA","Pilbara Marine Conservation Partnership",-21.5775823,114.8631005,20140511,15:10:00,"Pilbara","Fished","NA",8.6,"Todd","Yes","Yes"
"2014-05_Exmouth.to.Dampier.shallow_stereoBRUVs","NCB229","Carcharhinidae","Carcharhinus","amblyrhynchos",1241.24974,2297.54436,1,"NA","Pilbara Marine Conservation Partnership",-21.706954,114.2994301,20140514,10:16:00,"Muirons","Fished","NA",8.9,"Emma","Yes","Yes"
"2014-05_Exmouth.to.Dampier.shallow_stereoBRUVs","NCB53","Carcharhinidae","Carcharhinus","amblyrhynchos",1622.64963,5071.88184,1,"NA","Pilbara Marine Conservation Partnership",-20.8101303,116.0689955,20140508,08:06:00,"Pilbara","Fished","NA",8.5,"Matt","Yes","Yes"
"2014-05_Exmouth.to.Dampier.shallow_stereoBRUVs","NCB53","Carcharhinidae","Galeocerdo","cuvier",2624.4536,6284.73338,1,"NA","Pilbara Marine Conservation Partnership",-20.8101303,116.0689955,20140508,08:06:00,"Pilbara","Fished","NA",8.5,"Matt","Yes","Yes"
"2014-05_Exmouth.to.Dampier.shallow_stereoBRUVs","NCB53","Carcharhinidae","Galeocerdo","cuvier",2389.91804,6206.26811,1,"NA","Pilbara Marine Conservation Partnership",-20.8101303,116.0689955,20140508,08:06:00,"Pilbara","Fished","NA",8.5,"Matt","Yes","Yes"
"2014-05_Exmouth.to.Dampier.shallow_stereoBRUVs","NCB95","Carcharhinidae","Carcharhinus","melanopterus",1039.75683,3609.00885,1,"NA","Pilbara Marine Conservation Partnership",-21.2317437,115.478332,20140509,14:45:00,"Pilbara","Fished","NA",8.7,"ET","Yes","Yes"
"2014-05_Exmouth.to.Dampier.shallow_stereoBRUVs","NCB9","Sphyraenidae","Sphyraena","jello",1139.53511,2645.64566,1,"NA","Pilbara Marine Conservation Partnership",-20.5994323,116.4646423,20140506,08:54:00,"Pilbara","Fished","NA",14.5,"Matt","Yes","Yes"
"2014-05_Exmouth.to.Dampier.shallow_stereoBRUVs","NCB119","Carcharhinidae","Carcharhinus","melanopterus",1012.2147,4052.60863,1,"NA","Pilbara Marine Conservation Partnership",-21.3164432,115.1588172,20140510,11:53:00,"Pilbara","Fished","NA",8.5,"Todd","Yes","Yes"
"2014-05_Exmouth.to.Dampier.shallow_stereoBRUVs","NCB266","Serranidae","Epinephelus","malabaricus",1064.73138,4572.09052,1,"NA","Pilbara Marine Conservation Partnership",-21.7939657,114.1413113,20140515,11:55:00,"Lighthouse.Sanctuary","No-take","NA",8.8,"Matt","Yes","Yes"
"2014-05_Exmouth.to.Dampier.shallow_stereoBRUVs","NCB81","Carcharhinidae","Carcharhinus","melanopterus",1028.92658,2508.02991,1,"NA","Pilbara Marine Conservation Partnership",-21.0963462,115.6607532,20140509,08:46:00,"Pilbara","Fished","NA",8.3,"Todd","Yes","Yes"
"2014-05_Exmouth.to.Dampier.shallow_stereoBRUVs","NCB248","Carcharhinidae","Carcharhinus","amboinensis",1790.06245,3611.71466,1,"NA","Pilbara Marine Conservation Partnership",-21.8264435,114.1863186,20140514,15:46:00,"Between.Bundegi.and.Murat","Fished","NA",8.5,"Matt","Yes","Yes"
"2014-05_Exmouth.to.Dampier.shallow_stereoBRUVs","NCB244","Carcharhinidae","Carcharhinus","amblyrhynchos",1066.32846,4004.02185,1,"NA","Pilbara Marine Conservation Partnership",-21.8472912,114.1800213,20140514,15:28:00,"Between.Bundegi.and.Murat","Fished","NA",7.9,"Matt","Yes","Yes"
"2014-05_Exmouth.to.Dampier.shallow_stereoBRUVs","NCB25","Ginglymostomatidae","Nebrius","ferrugineus",1435.59642,3712.97032,1,"NA","Pilbara Marine Conservation Partnership",-20.3503235,116.8366883,20140506,15:03:00,"Pilbara","Fished","NA",15.4,"Todd","Yes","Yes"
"2014-05_Exmouth.to.Dampier.shallow_stereoBRUVs","NCB25","Carcharhinidae","Triaenodon","obesus",1147.8137,4732.07125,1,"NA","Pilbara Marine Conservation Partnership",-20.3503235,116.8366883,20140506,15:03:00,"Pilbara","Fished","NA",15.4,"Todd","Yes","Yes"
"2014-05_Exmouth.to.Dampier.shallow_stereoBRUVs","NCB125","Carcharhinidae","Negaprion","acutidens",1908.9066,3206.83644,1,"NA","Pilbara Marine Conservation Partnership",-21.3129208,114.994699,20140510,14:20:00,"Pilbara","Fished","NA",10.6,"Emma","Yes","Yes"
"2014-05_Exmouth.to.Dampier.shallow_stereoBRUVs","NCB116","Carcharhinidae","Triaenodon","obesus",1142.75746,3555.49787,1,"NA","Pilbara Marine Conservation Partnership",-21.3021023,115.2096992,20140510,11:38:00,"Pilbara","Fished","NA",8.1,"Todd","Yes","Yes"
"2014-05_Exmouth.to.Dampier.shallow_stereoBRUVs","NCB80","Carcharhinidae","Carcharhinus","tilstoni",1075.4017,2782.74165,1,"NA","Pilbara Marine Conservation Partnership",-21.1054295,115.6570612,20140509,08:41:00,"Pilbara","Fished","NA",8.6,"Todd","Yes","Yes"
"2014-05_Exmouth.to.Dampier.shallow_stereoBRUVs","NCB80","Carcharhinidae","Carcharhinus","melanopterus",1125.56557,3042.95897,1,"NA","Pilbara Marine Conservation Partnership",-21.1054295,115.6570612,20140509,08:41:00,"Pilbara","Fished","NA",8.6,"Todd","Yes","Yes"
"2014-05_Exmouth.to.Dampier.shallow_stereoBRUVs","NCB262","Carcharhinidae","Carcharhinus","amblyrhynchos",1018.55488,5081.45121,1,"NA","Pilbara Marine Conservation Partnership",-21.7850353,114.151396,20140515,11:37:00,"Lighthouse.Sanctuary","No-take","NA",8.8,"Todd","Yes","Yes"
"2014-05_Exmouth.to.Dampier.shallow_stereoBRUVs","NCB262","Sphyrnidae","Sphyrna","mokarran",2983.66761,4423.49545,1,"NA","Pilbara Marine Conservation Partnership",-21.7850353,114.151396,20140515,11:37:00,"Lighthouse.Sanctuary","No-take","NA",8.8,"Todd","Yes","Yes"
"2014-05_Exmouth.to.Dampier.shallow_stereoBRUVs","NCB176","Dasyatidae","Taeniurops","meyeni",1211.339,1578.16837,1,"NA","Pilbara Marine Conservation Partnership",-21.5526793,114.7276029,20140512,13:34:00,"Pilbara","Fished","NA",11.6,"Emma","Yes","Yes"
"2014-05_Exmouth.to.Dampier.shallow_stereoBRUVs","NCB140","Sphyrnidae","Sphyrna","mokarran",1850.01207,2541.22107,1,"NA","Pilbara Marine Conservation Partnership",-21.4454876,114.9118011,20140511,10:03:00,"Pilbara","Fished","NA",8.7,"Katrina","Yes","Yes"
"2014-05_Exmouth.to.Dampier.shallow_stereoBRUVs","NCB48","Carcharhinidae","Galeocerdo","cuvier",3159.82193,6322.3247,1,"NA","Pilbara Marine Conservation Partnership",-20.7789587,116.2804953,20140507,14:41:00,"Pilbara","Fished","NA",9.4,"Matt","Yes","Yes"
"2014-05_Exmouth.to.Dampier.shallow_stereoBRUVs","NCB128","Carcharhinidae","Galeocerdo","cuvier",2499.12993,5034.59043,1,"NA","Pilbara Marine Conservation Partnership",-21.3406173,114.9759887,20140510,14:31:00,"Pilbara","Fished","NA",12,"Emma","Yes","Yes"
"2014-05_Exmouth.to.Dampier.shallow_stereoBRUVs","NCB173","Rhinidae","Rhina","ancylostoma",1797.95586,1943.00099,1,"NA","Pilbara Marine Conservation Partnership",-21.5425919,114.7569686,20140512,11:20:00,"Pilbara","Fished","NA",8.8,"Emma","Yes","Yes"
"2014-05_Exmouth.to.Dampier.shallow_stereoBRUVs","NCB264","Serranidae","Epinephelus","malabaricus",1091.99965,6307.8151,1,"NA","Pilbara Marine Conservation Partnership",-21.7897104,114.1465494,20140515,11:46:00,"Lighthouse.Sanctuary","No-take","NA",8,"Matt","Yes","Yes"
"2014-10_Exmouth.to.Dampier.deep_stereoBRUVs","NCB422","Rhynchobatidae","Rhynchobatus","australiae",1385.05963,1853.61728,1,"NA","Pilbara Marine Conservation Partnership",-21.466695,114.7346033,20141025,12:05:00,"Pilbara","Fished","NA",49.5,"Katrina","Yes","Yes"
"2014-10_Exmouth.to.Dampier.deep_stereoBRUVs","NCB433","Carcharhinidae","Carcharhinus","plumbeus",1279.66625,1993.3521,1,"NA","Pilbara Marine Conservation Partnership",-21.31931833,114.889575,20141025,16:14:00,"Pilbara","Fished","NA",56.1,"Derek","Yes","Yes"
"2014-10_Exmouth.to.Dampier.deep_stereoBRUVs","NCB441","Carcharhinidae","Carcharhinus","plumbeus",1200.41317,2233.1251,1,"NA","Pilbara Marine Conservation Partnership",-21.21230833,115.0101983,20141026,08:36:00,"Pilbara","Fished","NA",49.1,"Derek","Yes","Yes"
"2014-10_Exmouth.to.Dampier.deep_stereoBRUVs","NCB497","Serranidae","Epinephelus","malabaricus",1082.96246,5983.29064,1,"NA","Pilbara Marine Conservation Partnership",-20.40874,115.253315,20141028,08:48:00,"Pilbara","Fished","Montebello.transect",51.6,"Todd","Yes","Yes"
"2014-10_Exmouth.to.Dampier.deep_stereoBRUVs","NCB483","Carcharhinidae","Negaprion","acutidens",2135.83877,6376.16647,1,"NA","Pilbara Marine Conservation Partnership",-20.56798667,115.157685,20141027,12:05:00,"Pilbara","Fished","NA",50.6,"Derek","Yes","Yes"
"2014-10_Exmouth.to.Dampier.deep_stereoBRUVs","NCB468","Serranidae","Epinephelus","tukula",1073.76678,6803.56614,1,"NA","Pilbara Marine Conservation Partnership",-20.74204,115.2246317,20141027,08:42:00,"Pilbara","Fished","NA",49.5,"Matt","Yes","Yes"
"2014-10_Exmouth.to.Dampier.deep_stereoBRUVs","NCB453","Sphyraenidae","Sphyraena","jello",1030.06563,1560.33338,1,"NA","Pilbara Marine Conservation Partnership",-20.88230814,115.1957222,20141026,13:04:00,"Pilbara","Fished","NA",50.1,"Derek","Yes","Yes"
"2014-10_Exmouth.to.Dampier.deep_stereoBRUVs","NCB453","Sphyraenidae","Sphyraena","jello",1049.45689,1817.79097,1,"NA","Pilbara Marine Conservation Partnership",-20.88230814,115.1957222,20141026,13:04:00,"Pilbara","Fished","NA",50.1,"Derek","Yes","Yes"
"2014-10_Exmouth.to.Dampier.deep_stereoBRUVs","NCB470","Sphyraenidae","Sphyraena","jello",1366.7312,3076.82526,1,"NA","Pilbara Marine Conservation Partnership",-20.715765,115.221205,20141027,08:59:00,"Pilbara","Fished","NA",49.6,"Matt","Yes","Yes"
"2014-10_Exmouth.to.Dampier.deep_stereoBRUVs","NCB470","Sphyraenidae","Sphyraena","jello",1369.12368,3154.07859,1,"NA","Pilbara Marine Conservation Partnership",-20.715765,115.221205,20141027,08:59:00,"Pilbara","Fished","NA",49.6,"Matt","Yes","Yes"
"2014-10_Exmouth.to.Dampier.deep_stereoBRUVs","NCB470","Sphyraenidae","Sphyraena","jello",1186.17844,3559.37122,1,"NA","Pilbara Marine Conservation Partnership",-20.715765,115.221205,20141027,08:59:00,"Pilbara","Fished","NA",49.6,"Matt","Yes","Yes"
"2014-10_Exmouth.to.Dampier.deep_stereoBRUVs","NCB470","Sphyraenidae","Sphyraena","jello",1096.6002,2809.57518,1,"NA","Pilbara Marine Conservation Partnership",-20.715765,115.221205,20141027,08:59:00,"Pilbara","Fished","NA",49.6,"Matt","Yes","Yes"
"2014-10_Exmouth.to.Dampier.deep_stereoBRUVs","NCB470","Sphyraenidae","Sphyraena","jello",1053.73685,2692.07128,1,"NA","Pilbara Marine Conservation Partnership",-20.715765,115.221205,20141027,08:59:00,"Pilbara","Fished","NA",49.6,"Matt","Yes","Yes"
"2014-10_Exmouth.to.Dampier.deep_stereoBRUVs","NCB447","Serranidae","Epinephelus","coioides",1013.57805,1935.86193,1,"NA","Pilbara Marine Conservation Partnership",-20.91327,115.1955317,20141026,12:58:00,"Pilbara","Fished","NA",51.9,"Matt/Katrina","Yes","Yes"
"2014-10_Exmouth.to.Dampier.deep_stereoBRUVs","NCB506","Serranidae","Epinephelus","tukula",1042.83629,1561.85035,1,"NA","Pilbara Marine Conservation Partnership",-20.24853167,115.231565,20141028,12:26:00,"Pilbara","Fished","Montebello.transect",52.3,"Derek","Yes","Yes"
"2014-10_Exmouth.to.Dampier.deep_stereoBRUVs","NCB420","Carcharhinidae","Carcharhinus","amblyrhynchos",1033.42329,4888.90076,1,"NA","Pilbara Marine Conservation Partnership",-21.48755333,114.7022,20141025,12:36:00,"Pilbara","Fished","NA",48,"Salvador","Yes","Yes"
"2014-10_Exmouth.to.Dampier.deep_stereoBRUVs","NCB504","Serranidae","Epinephelus","tukula",1080.53976,1620.81257,1,"NA","Pilbara Marine Conservation Partnership",-20.25887333,115.2247883,20141028,12:16:00,"Pilbara","Fished","Montebello.transect",50.6,"Matt","Yes","Yes"
"2014-10_Exmouth.to.Dampier.deep_stereoBRUVs","NCB455","Sphyraenidae","Sphyraena","jello",1102.13004,4017.98168,1,"NA","Pilbara Marine Conservation Partnership",-20.88650333,115.1939817,20141026,13:48:00,"Pilbara","Fished","NA",51,"Katrina","Yes","Yes"
"2014-10_Exmouth.to.Dampier.deep_stereoBRUVs","NCB480","Hemigaleidae","Hemipristis","elongata",1246.31915,2464.9475,1,"NA","Pilbara Marine Conservation Partnership",-20.602785,115.1756483,20141027,11:05:00,"Pilbara","Fished","NA",51.2,"Derek","Yes","Yes"
"2014-10_Exmouth.to.Dampier.deep_stereoBRUVs","NCB480","Sphyraenidae","Sphyraena","jello",1102.34179,2484.34994,1,"NA","Pilbara Marine Conservation Partnership",-20.602785,115.1756483,20141027,11:05:00,"Pilbara","Fished","NA",51.2,"Derek","Yes","Yes"
"2014-10_Exmouth.to.Dampier.deep_stereoBRUVs","NCB424","Scombridae","Scomberomorus","spp",1063.4863,4045.37588,1,"NA","Pilbara Marine Conservation Partnership",-21.43679,114.775405,20141025,13:07:00,"Pilbara","Fished","NA",51.4,"Derek","Yes","Yes"
"2014-10_Exmouth.to.Dampier.deep_stereoBRUVs","NCB424","Carcharhinidae","Carcharhinus","plumbeus",2272.03471,7029.27377,1,"NA","Pilbara Marine Conservation Partnership",-21.43679,114.775405,20141025,13:07:00,"Pilbara","Fished","NA",51.4,"Derek","Yes","Yes"
"2014-10_Exmouth.to.Dampier.deep_stereoBRUVs","NCB394","Sphyraenidae","Sphyraena","jello",1085.00292,7235.47392,1,"NA","Pilbara Marine Conservation Partnership",-21.60978667,114.25535,20141024,11:44:00,"Pilbara","Fished","NA",53.5,"Todd","Yes","Yes"
"2014-10_Exmouth.to.Dampier.deep_stereoBRUVs","NCB496","Carcharhinidae","Carcharhinus","limbatus",1941.19291,5194.73683,1,"NA","Pilbara Marine Conservation Partnership",-20.41099,115.2725267,20141028,08:35:00,"Pilbara","Fished","Montebello.transect",50.1,"Katrina","Yes","Yes"
"2014-10_Exmouth.to.Dampier.deep_stereoBRUVs","NCB496","Ginglymostomatidae","Nebrius","ferrugineus",1283.48473,1789.33652,1,"NA","Pilbara Marine Conservation Partnership",-20.41099,115.2725267,20141028,08:35:00,"Pilbara","Fished","Montebello.transect",50.1,"Katrina","Yes","Yes"
"2014-10_Exmouth.to.Dampier.deep_stereoBRUVs","NCB496","Serranidae","Epinephelus","malabaricus",1203.37713,4019.49307,1,"NA","Pilbara Marine Conservation Partnership",-20.41099,115.2725267,20141028,08:35:00,"Pilbara","Fished","Montebello.transect",50.1,"Katrina","Yes","Yes"
"2014-10_Exmouth.to.Dampier.deep_stereoBRUVs","NCB464","Sphyraenidae","Sphyraena","jello",1127.36298,5592.07868,1,"NA","Pilbara Marine Conservation Partnership",-20.789175,115.230935,20141027,08:16:00,"Pilbara","Fished","NA",49.3,"Matt","Yes","Yes"
"2014-10_Exmouth.to.Dampier.deep_stereoBRUVs","NCB395","Carcharhinidae","Galeocerdo","cuvier",1215.24561,1870.56457,1,"NA","Pilbara Marine Conservation Partnership",-21.60555667,114.2732233,20141024,11:05:00,"Pilbara","Fished","NA",54.8,"Derek","Yes","Yes"
"2014-10_Exmouth.to.Dampier.deep_stereoBRUVs","NCB395","Carcharhinidae","Carcharhinus","limbatus",1709.33195,9133.71381,1,"NA","Pilbara Marine Conservation Partnership",-21.60555667,114.2732233,20141024,11:05:00,"Pilbara","Fished","NA",54.8,"Derek","Yes","Yes"
"2014-10_Exmouth.to.Dampier.deep_stereoBRUVs","NCB454","Serranidae","Epinephelus","malabaricus",1092.93763,5431.27023,1,"NA","Pilbara Marine Conservation Partnership",-20.88383667,115.1938333,20141026,13:43:00,"Pilbara","Fished","NA",49.7,"Matt","Yes","Yes"
"2014-10_Exmouth.to.Dampier.deep_stereoBRUVs","NCB435","Carcharhinidae","Carcharhinus","limbatus",2492.31072,5420.85386,1,"NA","Pilbara Marine Conservation Partnership",-21.29228333,114.9167817,20141025,16:25:00,"Pilbara","Fished","NA",56.3,"Todd","Yes","Yes"
"2014-10_Exmouth.to.Dampier.deep_stereoBRUVs","NCB435","Sphyrnidae","Sphyrna","lewini",1315.24424,2073.45079,1,"NA","Pilbara Marine Conservation Partnership",-21.29228333,114.9167817,20141025,16:25:00,"Pilbara","Fished","NA",56.3,"Todd","Yes","Yes"
"2014-10_Exmouth.to.Dampier.deep_stereoBRUVs","NCB508","Carangidae","Seriola","dumerili",1047.63107,4608.6579,1,"NA","Pilbara Marine Conservation Partnership",-20.23302667,115.2320983,20141028,12:38:00,"Pilbara","Fished","Montebello.transect",53,"Derek","Yes","Yes"
"2014-10_Exmouth.to.Dampier.deep_stereoBRUVs","NCB456","Sphyraenidae","Sphyraena","jello",1181.01833,4608.36167,1,"NA","Pilbara Marine Conservation Partnership",-20.89371667,115.19673,20141026,13:51:00,"Pilbara","Fished","NA",51.8,"Charlotte","Yes","Yes"
"2014-10_Exmouth.to.Dampier.deep_stereoBRUVs","NCB456","Sphyraenidae","Sphyraena","jello",1049.54995,4105.21496,1,"NA","Pilbara Marine Conservation Partnership",-20.89371667,115.19673,20141026,13:51:00,"Pilbara","Fished","NA",51.8,"Charlotte","Yes","Yes"
"2014-10_Exmouth.to.Dampier.deep_stereoBRUVs","NCB456","Serranidae","Epinephelus","lanceolatus",2050.71012,3802.48248,1,"NA","Pilbara Marine Conservation Partnership",-20.89371667,115.19673,20141026,13:51:00,"Pilbara","Fished","NA",51.8,"Charlotte","Yes","Yes"
"2014-10_Exmouth.to.Dampier.deep_stereoBRUVs","NCB396","Carcharhinidae","Carcharhinus","plumbeus",1305.26107,6467.36806,1,"NA","Pilbara Marine Conservation Partnership",-21.601425,114.2932383,20141024,11:58:00,"Pilbara","Fished","NA",55.4,"Emma","Yes","Yes"
"2014-10_Exmouth.to.Dampier.deep_stereoBRUVs","NCB444","Carcharhinidae","Carcharhinus","limbatus",1042.89543,1811.97108,1,"NA","Pilbara Marine Conservation Partnership",-21.16720667,115.04467,20141026,08:56:00,"Pilbara","Fished","NA",50.1,"Derek","Yes","Yes"
"2014-10_Exmouth.to.Dampier.deep_stereoBRUVs","NCB451","Serranidae","Epinephelus","coioides",1168.18764,6396.7422,1,"NA","Pilbara Marine Conservation Partnership",-20.89827667,115.19741,20141026,13:32:00,"Pilbara","Fished","NA",50,"Derek","Yes","Yes"
"2014-10_Exmouth.to.Dampier.deep_stereoBRUVs","NCB432","Carcharhinidae","Galeocerdo","cuvier",1107.1648,3554.70671,1,"NA","Pilbara Marine Conservation Partnership",-21.33283833,114.8769,20141025,16:09:00,"Pilbara","Fished","NA",55,"Matt","Yes","Yes"
"2014-10_Exmouth.to.Dampier.deep_stereoBRUVs","NCB432","Carcharhinidae","Carcharhinus","plumbeus",1323.34672,1721.48868,1,"NA","Pilbara Marine Conservation Partnership",-21.33283833,114.8769,20141025,16:09:00,"Pilbara","Fished","NA",55,"Matt","Yes","Yes"
"2014-10_Exmouth.to.Dampier.deep_stereoBRUVs","NCB409","Sphyrnidae","Sphyrna","lewini",1186.51534,3997.83646,1,"NA","Pilbara Marine Conservation Partnership",-21.5589,114.5407667,20141025,08:41:00,"Pilbara","Fished","NA",57.6,"Katrina","Yes","Yes"
"2014-10_Exmouth.to.Dampier.deep_stereoBRUVs","NCB409","Carcharhinidae","Carcharhinus","plumbeus",1109.29131,4084.03997,1,"NA","Pilbara Marine Conservation Partnership",-21.5589,114.5407667,20141025,08:41:00,"Pilbara","Fished","NA",57.6,"Katrina","Yes","Yes"
"2014-10_Exmouth.to.Dampier.deep_stereoBRUVs","NCB473","Serranidae","Epinephelus","tukula",1405.86478,2127.29487,1,"NA","Pilbara Marine Conservation Partnership",-20.66132333,115.200075,20141027,09:24:00,"Pilbara","Fished","NA",50,"Matt","Yes","Yes"
"2014-10_Exmouth.to.Dampier.deep_stereoBRUVs","NCB512","Dasyatidae","Taeniurops","meyeni",1437.77688,4110.07148,1,"NA","Pilbara Marine Conservation Partnership",-20.17373667,115.3483133,20141028,13:28:00,"Pilbara","Fished","Montebello.transect",45.5,"Katrina","Yes","Yes"
"2014-10_Exmouth.to.Dampier.deep_stereoBRUVs","NCB458","Serranidae","Epinephelus","tukula",1160.85655,4013.05027,1,"NA","Pilbara Marine Conservation Partnership",-20.84556167,115.22461,20141026,15:47:00,"Pilbara","Fished","NA",51.4,"Charlotte","Yes","Yes"
"2014-10_Exmouth.to.Dampier.deep_stereoBRUVs","NCB517","Rhynchobatidae","Rhynchobatus","australiae",1013.09711,2321.52998,1,"NA","Pilbara Marine Conservation Partnership",-20.21115667,115.5068717,20141028,16:23:00,"Pilbara","Fished","Montebello.transect",53.8,"Katrina","Yes","Yes"
"2014-10_Exmouth.to.Dampier.deep_stereoBRUVs","NCB427","Sphyrnidae","Sphyrna","lewini",1408.34975,2100.51473,1,"NA","Pilbara Marine Conservation Partnership",-21.40188667,114.8169317,20141025,15:32:00,"Pilbara","Fished","NA",50.7,"Derek","Yes","Yes"
"2014-10_Exmouth.to.Dampier.deep_stereoBRUVs","NCB474","Serranidae","Epinephelus","malabaricus",1008.11983,2897.22056,1,"NA","Pilbara Marine Conservation Partnership",-20.647525,115.2015683,20141027,11:27:00,"Pilbara","Fished","NA",50.4,"Matt","Yes","Yes"
"2014-10_Exmouth.to.Dampier.deep_stereoBRUVs","NCB484","Sphyraenidae","Sphyraena","jello",1083.03077,2578.84641,1,"NA","Pilbara Marine Conservation Partnership",-20.54246833,115.2619967,20141027,14:28:00,"Pilbara","Fished","Montebello.transect",53,"Derek","Yes","Yes"
"2014-10_Exmouth.to.Dampier.deep_stereoBRUVs","NCB489","Carcharhinidae","Carcharhinus","plumbeus",1310.23591,4518.17731,1,"NA","Pilbara Marine Conservation Partnership",-20.49891667,115.288895,20141027,14:58:00,"Pilbara","Fished","Montebello.transect",51.3,"Katrina","Yes","Yes"
"2014-10_Exmouth.to.Dampier.deep_stereoBRUVs","NCB498","Serranidae","Epinephelus","malabaricus",1175.71514,3474.92733,1,"NA","Pilbara Marine Conservation Partnership",-20.411295,115.2291517,20141028,08:56:00,"Pilbara","Fished","Montebello.transect",52.8,"Todd","Yes","Yes"
"2014-10_Exmouth.to.Dampier.deep_stereoBRUVs","NCB412","Carcharhinidae","Carcharhinus","plumbeus",1437.42736,7756.35121,1,"NA","Pilbara Marine Conservation Partnership",-21.54766333,114.5974667,20141025,09:07:00,"Pilbara","Fished","NA",50,"Derek","Yes","Yes"
"2014-10_Montebello.sanctuaries_stereoBRUVs","NCB559","Carcharhinidae","Carcharhinus","amblyrhynchos",1330.18671,1437.86952,1,"NA","Pilbara Marine Conservation Partnership",-20.35543,115.5017033,20141029,15:52:00,"N.Montebello.Sanctuary","No-take","9",9,"Katrina","Yes","Yes"
"2014-10_Montebello.sanctuaries_stereoBRUVs","NCB553","Carcharhinidae","Carcharhinus","amblyrhynchos",1138.87913,4382.16437,1,"NA","Pilbara Marine Conservation Partnership",-20.39478667,115.491335,20141029,15:11:00,"NW.Montebello","Fished","8",10.7,"Todd","Yes","Yes"
"2014-10_Montebello.sanctuaries_stereoBRUVs","NCB527","Carcharhinidae","Carcharhinus","amboinensis",1518.39961,2167.33599,1,"NA","Pilbara Marine Conservation Partnership",-20.58033333,115.4315317,20141029,08:38:00,"SW.Montebello","Fished","2",12.1,"Katrina","Yes","Yes"
"2014-10_Montebello.sanctuaries_stereoBRUVs","NCB575","Carcharhinidae","Carcharhinus","melanopterus",1126.55527,2527.13835,1,"NA","Pilbara Marine Conservation Partnership",-20.40385167,115.5895183,20141030,09:51:00,"NE.Montebello","Fished","13",9.7,"ET","Yes","Yes"
"2014-10_Montebello.sanctuaries_stereoBRUVs","NCB556","Scombridae","Scomberomorus","spp",1168.82168,4529.24587,1,"NA","Pilbara Marine Conservation Partnership",-20.37015941,115.4968709,20141029,15:41:00,"N.Montebello.Sanctuary","No-take","9",12.6,"Emma","Yes","Yes"
"2014-10_Montebello.sanctuaries_stereoBRUVs","NCB556","Carcharhinidae","Carcharhinus","amblyrhynchos",1087.15119,4082.82669,1,"NA","Pilbara Marine Conservation Partnership",-20.37015941,115.4968709,20141029,15:41:00,"N.Montebello.Sanctuary","No-take","9",12.6,"Emma","Yes","Yes"
"2014-10_Montebello.sanctuaries_stereoBRUVs","NCB556","Carcharhinidae","Carcharhinus","amblyrhynchos",1306.77185,3091.06691,1,"NA","Pilbara Marine Conservation Partnership",-20.37015941,115.4968709,20141029,15:41:00,"N.Montebello.Sanctuary","No-take","9",12.6,"Emma","Yes","Yes"
"2014-10_Montebello.sanctuaries_stereoBRUVs","NCB522","Rhynchobatidae","Rhynchobatus","australiae",2317.5584,2919.64319,1,"NA","Pilbara Marine Conservation Partnership",-20.60826167,115.436625,20141029,08:15:00,"SW.Montebello","Fished","1",10.6,"Matt","Yes","Yes"
"2014-10_Montebello.sanctuaries_stereoBRUVs","NCB550","Carcharhinidae","Carcharhinus","amblyrhynchos",1577.82535,4963.91183,1,"NA","Pilbara Marine Conservation Partnership",-20.40909333,115.4897267,20141029,13:39:00,"NW.Montebello","Fished","7",10.2,"Todd","Yes","Yes"
"2014-10_Montebello.sanctuaries_stereoBRUVs","NCB597","Scombridae","Scomberomorus","spp",1215.87855,2506.07121,1,"NA","Pilbara Marine Conservation Partnership",-20.57062667,115.5806733,20141030,14:18:00,"SE.Montebello","Fished","18",9.4,"Emma","Yes","Yes"
"2014-10_Montebello.sanctuaries_stereoBRUVs","NCB597","Carcharhinidae","Carcharhinus","amblyrhynchos",1537.0337,6878.34451,1,"NA","Pilbara Marine Conservation Partnership",-20.57062667,115.5806733,20141030,14:18:00,"SE.Montebello","Fished","18",9.4,"Emma","Yes","Yes"
"2014-10_Montebello.sanctuaries_stereoBRUVs","NCB566","Ginglymostomatidae","Nebrius","ferrugineus",1303.48176,1575.00835,1,"NA","Pilbara Marine Conservation Partnership",-20.35170167,115.5446517,20141030,07:56:00,"N.Montebello.Sanctuary","No-take","11",9.1,"ET","Yes","Yes"
"2014-10_Montebello.sanctuaries_stereoBRUVs","NCB531","Carcharhinidae","Carcharhinus","amblyrhynchos",1109.68968,1618.53186,1,"NA","Pilbara Marine Conservation Partnership",-20.53742333,115.4458033,20141029,10:21:00,"SW.Montebello.Sanctuary","No-take","3",9.2,"Todd","Yes","Yes"
"2014-10_Montebello.sanctuaries_stereoBRUVs","NCB531","Serranidae","Epinephelus","malabaricus",1131.82901,2089.56565,1,"NA","Pilbara Marine Conservation Partnership",-20.53742333,115.4458033,20141029,10:21:00,"SW.Montebello.Sanctuary","No-take","3",9.2,"Todd","Yes","Yes"
"2014-10_Montebello.sanctuaries_stereoBRUVs","NCB557","Carcharhinidae","Carcharhinus","amblyrhynchos",1624.87291,4513.14003,1,"NA","Pilbara Marine Conservation Partnership",-20.36579667,115.498375,20141029,15:44:00,"N.Montebello.Sanctuary","No-take","9",8.3,"Emma","Yes","Yes"
"2014-10_Montebello.sanctuaries_stereoBRUVs","NCB557","Ginglymostomatidae","Nebrius","ferrugineus",1136.2744,1791.06818,1,"NA","Pilbara Marine Conservation Partnership",-20.36579667,115.498375,20141029,15:44:00,"N.Montebello.Sanctuary","No-take","9",8.3,"Emma","Yes","Yes"
"2014-10_Montebello.sanctuaries_stereoBRUVs","NCB558","Carcharhinidae","Carcharhinus","amblyrhynchos",1159.74341,2691.4998,1,"NA","Pilbara Marine Conservation Partnership",-20.36098333,115.5019183,20141029,15:47:00,"N.Montebello.Sanctuary","No-take","9",11.5,"Katrina","Yes","Yes"
"2014-10_Montebello.sanctuaries_stereoBRUVs","NCB598","Carcharhinidae","Triaenodon","obesus",1069.14998,4363.12659,1,"NA","Pilbara Marine Conservation Partnership",-20.58195167,115.5806933,20141030,14:24:00,"SE.Montebello","Fished","18",8.1,"Emma","Yes","Yes"
"2014-10_Montebello.sanctuaries_stereoBRUVs","NCB521","Ginglymostomatidae","Nebrius","ferrugineus",2079.07934,1790.58766,1,"NA","Pilbara Marine Conservation Partnership",-20.61335667,115.4360017,20141029,08:12:00,"SW.Montebello","Fished","1",10.6,"Matt","Yes","Yes"
"2014-10_Montebello.sanctuaries_stereoBRUVs","NCB578","Sphyraenidae","Sphyraena","jello",1222.92831,4450.69223,1,"NA","Pilbara Marine Conservation Partnership",-20.41755667,115.598655,20141030,10:00:00,"NE.Montebello","Fished","14",8.7,"Matt","Yes","Yes"
"2014-10_Montebello.sanctuaries_stereoBRUVs","NCB565","Serranidae","Epinephelus","malabaricus",1255.39927,5801.7633,1,"NA","Pilbara Marine Conservation Partnership",-20.345615,115.5346833,20141030,07:52:00,"N.Montebello.Sanctuary","No-take","11",12.7,"ET","Yes","Yes"
"2014-10_Montebello.sanctuaries_stereoBRUVs","NCB551","Carcharhinidae","Carcharhinus","amblyrhynchos",1096.85775,3280.08091,1,"NA","Pilbara Marine Conservation Partnership",-20.404815,115.4870917,20141029,15:05:00,"NW.Montebello","Fished","8",9,"Matt","Yes","Yes"
"2014-10_Montebello.sanctuaries_stereoBRUVs","NCB533","Rhynchobatidae","Rhynchobatus","australiae",2309.99446,2882.9695,1,"NA","Pilbara Marine Conservation Partnership",-20.54879,115.4697,20141029,10:34:00,"SW.Montebello.Sanctuary","No-take","3",9.2,"Todd","Yes","Yes"
"2014-10_Montebello.sanctuaries_stereoBRUVs","NCB532","Sphyrnidae","Sphyrna","mokarran",3031.17734,3155.04076,1,"NA","Pilbara Marine Conservation Partnership",-20.54477167,115.4574133,20141029,10:28:00,"SW.Montebello.Sanctuary","No-take","3",8,"Todd","Yes","Yes"
"2014-10_Montebello.sanctuaries_stereoBRUVs","NCB542","Carcharhinidae","Galeocerdo","cuvier",2134.55123,3532.23298,1,"NA","Pilbara Marine Conservation Partnership",-20.45141167,115.4658633,20141029,13:06:00,"SW.Montebello.Sanctuary","No-take","6",8.5,"Katrina","Yes","Yes"
"2014-10_Montebello.sanctuaries_stereoBRUVs","NCB545","Elopidae","Elops","hawaiensis",1095.94631,6091.66145,1,"NA","Pilbara Marine Conservation Partnership",-20.4358,115.4761217,20141029,13:15:00,"SW.Montebello.Sanctuary","No-take","6",9.1,"Todd","Yes","Yes"
"2014-10_Ningaloo.shallow.sanctuaries_stereoBRUVs","NCB298","Ginglymostomatidae","Nebrius","ferrugineus",1235.04859,1774.32006,1,"NA","Pilbara Marine Conservation Partnership",-22.68147833,113.630265,20141021,08:16:00,"Cloates.Sanctuary","No-take","NA",9.9,"Emma","Yes","Yes"
"2014-10_Ningaloo.shallow.sanctuaries_stereoBRUVs","NCB298","Carcharhinidae","Triaenodon","obesus",1075.89302,3155.28197,1,"NA","Pilbara Marine Conservation Partnership",-22.68147833,113.630265,20141021,08:16:00,"Cloates.Sanctuary","No-take","NA",9.9,"Emma","Yes","Yes"
"2014-10_Ningaloo.shallow.sanctuaries_stereoBRUVs","NCB374","Carangidae","Trachinotus","blochii",1486.71271,8566.222,1,"NA","Pilbara Marine Conservation Partnership",-22.33070333,113.7654983,20141023,12:17:00,"Between.Osprey.and.Winderabandi","Fished","NA",11.8,"Derek","Yes","Yes"
"2014-10_Ningaloo.shallow.sanctuaries_stereoBRUVs","NCB354","Carcharhinidae","Carcharhinus","amblyrhynchos",1045.42861,1972.61644,1,"NA","Pilbara Marine Conservation Partnership",-22.5826,113.6414,20141023,07:54:00,"Between.Winderabandi.and.Cloates","Fished","NA",11.9,"Derek","Yes","Yes"
"2014-10_Ningaloo.shallow.sanctuaries_stereoBRUVs","NCB341","Ginglymostomatidae","Nebrius","ferrugineus",1947.15318,2608.85942,1,"NA","Pilbara Marine Conservation Partnership",-23.336,113.7725217,20141022,11:33:00,"Pelican.Sanctuary","No-take","NA",8.6,"Emma","Yes","Yes"
"2014-10_Ningaloo.shallow.sanctuaries_stereoBRUVs","NCB341","Dasyatidae","Taeniurops","meyeni",1310.1707,5814.24066,1,"NA","Pilbara Marine Conservation Partnership",-23.336,113.7725217,20141022,11:33:00,"Pelican.Sanctuary","No-take","NA",8.6,"Emma","Yes","Yes"
"2014-10_Ningaloo.shallow.sanctuaries_stereoBRUVs","NCB363","Carcharhinidae","Triaenodon","obesus",1200.81415,2285.8692,1,"NA","Pilbara Marine Conservation Partnership",-22.44549833,113.707105,20141023,08:52:00,"Winderaband.Sanctuary","No-take","NA",11.5,"Derek","Yes","Yes"
"2014-10_Ningaloo.shallow.sanctuaries_stereoBRUVs","NCB363","Carcharhinidae","Triaenodon","obesus",1179.79432,2419.41392,1,"NA","Pilbara Marine Conservation Partnership",-22.44549833,113.707105,20141023,08:52:00,"Winderaband.Sanctuary","No-take","NA",11.5,"Derek","Yes","Yes"
"2014-10_Ningaloo.shallow.sanctuaries_stereoBRUVs","NCB363","Carcharhinidae","Triaenodon","obesus",1130.51647,2045.80767,1,"NA","Pilbara Marine Conservation Partnership",-22.44549833,113.707105,20141023,08:52:00,"Winderaband.Sanctuary","No-take","NA",11.5,"Derek","Yes","Yes"
"2014-10_Ningaloo.shallow.sanctuaries_stereoBRUVs","NCB363","Carcharhinidae","Triaenodon","obesus",1137.9517,2038.86588,1,"NA","Pilbara Marine Conservation Partnership",-22.44549833,113.707105,20141023,08:52:00,"Winderaband.Sanctuary","No-take","NA",11.5,"Derek","Yes","Yes"
"2014-10_Ningaloo.shallow.sanctuaries_stereoBRUVs","NCB362","Carcharhinidae","Carcharhinus","amblyrhynchos",1554.76127,8935.48871,1,"NA","Pilbara Marine Conservation Partnership",-22.45642333,113.7042983,20141023,08:48:00,"Winderaband.Sanctuary","No-take","NA",9.9,"Derek","Yes","Yes"
"2014-10_Ningaloo.shallow.sanctuaries_stereoBRUVs","NCB376","Carcharhinidae","Triaenodon","obesus",1068.03027,6613.4249,1,"NA","Pilbara Marine Conservation Partnership",-22.31208667,113.7862817,20141023,14:23:00,"Osprey.Sanctuary","No-take","NA",11.5,"Todd","Yes","Yes"
"2014-10_Ningaloo.shallow.sanctuaries_stereoBRUVs","NCB376","Scombridae","Scomberomorus","spp",1144.99198,3781.98492,1,"NA","Pilbara Marine Conservation Partnership",-22.31208667,113.7862817,20141023,14:23:00,"Osprey.Sanctuary","No-take","NA",11.5,"Todd","Yes","Yes"
"2014-10_Ningaloo.shallow.sanctuaries_stereoBRUVs","NCB330","Carcharhinidae","Carcharhinus","amblyrhynchos",1879.27603,7543.74264,1,"NA","Pilbara Marine Conservation Partnership",-23.11950667,113.7389117,20141022,08:39:00,"Maud.Sanctuary","No-take","NA",9.3,"Emma","Yes","Yes"
"2014-10_Ningaloo.shallow.sanctuaries_stereoBRUVs","NCB368","Carcharhinidae","Carcharhinus","amblyrhynchos",1256.81148,5829.59915,1,"NA","Pilbara Marine Conservation Partnership",-22.383805,113.740045,20141023,11:05:00,"Winderaband.Sanctuary","No-take","NA",11.9,"Derek","Yes","Yes"
"2014-10_Ningaloo.shallow.sanctuaries_stereoBRUVs","NCB368","Lethrinidae","Lethrinus","nebulosus",1010.8632,7576.75028,1,"NA","Pilbara Marine Conservation Partnership",-22.383805,113.740045,20141023,11:05:00,"Winderaband.Sanctuary","No-take","NA",11.9,"Derek","Yes","Yes"
"2014-10_Ningaloo.shallow.sanctuaries_stereoBRUVs","NCB305","Scombridae","Scomberomorus","spp",1200.88214,7543.20118,1,"NA","Pilbara Marine Conservation Partnership",-22.795865,113.7044317,20141021,11:29:00,"Cloates.Sanctuary","No-take","NA",8,"Derek","Yes","Yes"
"2014-10_Ningaloo.shallow.sanctuaries_stereoBRUVs","NCB329","Carcharhinidae","Carcharhinus","amblyrhynchos",1455.53466,6248.26073,1,"NA","Pilbara Marine Conservation Partnership",-23.111565,113.7364467,20141022,08:34:00,"Maud.Sanctuary","No-take","NA",10,"Emma","Yes","Yes"
"2014-10_Ningaloo.shallow.sanctuaries_stereoBRUVs","NCB283","Ginglymostomatidae","Nebrius","ferrugineus",1867.03018,6654.92808,1,"NA","Pilbara Marine Conservation Partnership",-22.11979952,113.8704184,20141020,15:54:00,"Mandu.Sanctuary","No-take","NA",11.2,"Todd","Yes","Yes"
"2014-10_Ningaloo.shallow.sanctuaries_stereoBRUVs","NCB304","Carcharhinidae","Carcharhinus","amblyrhynchos",1166.77902,2900.56218,1,"NA","Pilbara Marine Conservation Partnership",-22.7788,113.696245,20141021,11:02:00,"Cloates.Sanctuary","No-take","NA",8.3,"Emma","Yes","Yes"
"2014-10_Ningaloo.shallow.sanctuaries_stereoBRUVs","NCB304","Carcharhinidae","Carcharhinus","amblyrhynchos",1218.98768,4679.80406,1,"NA","Pilbara Marine Conservation Partnership",-22.7788,113.696245,20141021,11:02:00,"Cloates.Sanctuary","No-take","NA",8.3,"Emma","Yes","Yes"
"2014-10_Ningaloo.shallow.sanctuaries_stereoBRUVs","NCB348","Carcharhinidae","Carcharhinus","amblyrhynchos",1645.08689,5443.65685,1,"NA","Pilbara Marine Conservation Partnership",-23.43995667,113.772805,20141022,14:25:00,"South.Pelican","Fished","NA",9.3,"Derek","Yes","Yes"
"2014-10_Ningaloo.shallow.sanctuaries_stereoBRUVs","NCB300","Carcharhinidae","Carcharhinus","amblyrhynchos",1233.51027,5713.62183,1,"NA","Pilbara Marine Conservation Partnership",-22.711,113.64932,20141021,08:32:00,"Cloates.Sanctuary","No-take","NA",8.3,"Emma","Yes","Yes"
"2014-10_Ningaloo.shallow.sanctuaries_stereoBRUVs","NCB300","Carcharhinidae","Carcharhinus","amblyrhynchos",1044.09424,4759.27365,1,"NA","Pilbara Marine Conservation Partnership",-22.711,113.64932,20141021,08:32:00,"Cloates.Sanctuary","No-take","NA",8.3,"Emma","Yes","Yes"
"2014-10_Ningaloo.shallow.sanctuaries_stereoBRUVs","NCB320","Carcharhinidae","Carcharhinus","plumbeus",1353.61886,3365.79081,1,"NA","Pilbara Marine Conservation Partnership",-23.06235167,113.801585,20141021,16:02:00,"Bateman.Sanctuary","No-take","NA",11.8,"Todd","Yes","Yes"
"2014-10_Ningaloo.shallow.sanctuaries_stereoBRUVs","NCB274","Carcharhinidae","Carcharhinus","amblyrhynchos",1171.2218,3215.50619,1,"NA","Pilbara Marine Conservation Partnership",-22.03904571,113.8919145,20141020,13:11:00,"North.Mandu","Fished","NA",12,"Emma","Yes","Yes"
"2014-10_Ningaloo.shallow.sanctuaries_stereoBRUVs","NCB310","Kyphosidae","Kyphosus","vaigiensis",1319.24007,8243.35437,1,"NA","Pilbara Marine Conservation Partnership",-22.875655,113.752575,20141021,12:19:00,"Cloates.Sanctuary","No-take","NA",12,"Emma","Yes","Yes"
"2014-10_Ningaloo.shallow.sanctuaries_stereoBRUVs","NCB310","Carcharhinidae","Carcharhinus","amblyrhynchos",1002.96196,6656.5442,1,"NA","Pilbara Marine Conservation Partnership",-22.875655,113.752575,20141021,12:19:00,"Cloates.Sanctuary","No-take","NA",12,"Emma","Yes","Yes"
"2014-10_Ningaloo.shallow.sanctuaries_stereoBRUVs","NCB311","Carcharhinidae","Carcharhinus","amblyrhynchos",1299.64563,3102.30325,1,"NA","Pilbara Marine Conservation Partnership",-22.89354,113.7593633,20141021,12:27:00,"Cloates.Sanctuary","No-take","NA",11.3,"Emma","Yes","Yes"
"2014-10_Ningaloo.shallow.sanctuaries_stereoBRUVs","NCB281","Carcharhinidae","Carcharhinus","amblyrhynchos",1434.33771,3120.6694,1,"NA","Pilbara Marine Conservation Partnership",-22.1022473,113.872459,20141020,14:09:00,"Mandu.Sanctuary","Fished","NA",11.9,"Todd","Yes","Yes"
"2014-10_Ningaloo.shallow.sanctuaries_stereoBRUVs","NCB306","Carcharhinidae","Carcharhinus","amblyrhynchos",1028.08334,1812.61663,1,"NA","Pilbara Marine Conservation Partnership",-22.81419833,113.7084467,20141021,11:37:00,"Cloates.Sanctuary","No-take","NA",10,"Emma","Yes","Yes"
"2014-10_Ningaloo.shallow.sanctuaries_stereoBRUVs","NCB302","Carcharhinidae","Carcharhinus","amblyrhynchos",1121.65026,3068.78566,1,"NA","Pilbara Marine Conservation Partnership",-22.74221,113.6720617,20141021,08:48:00,"Cloates.Sanctuary","No-take","NA",10,"Emma","Yes","Yes"
"2014-10_Ningaloo.shallow.sanctuaries_stereoBRUVs","NCB380","Elopidae","Elops","hawaiensis",1117.29229,7127.19838,1,"NA","Pilbara Marine Conservation Partnership",-22.28075333,113.8063467,20141023,14:04:00,"Osprey.Sanctuary","No-take","NA",9.2,"Derek","Yes","Yes"
"2014-10_Ningaloo.shallow.sanctuaries_stereoBRUVs","NCB379","Carcharhinidae","Triaenodon","obesus",1136.4096,2209.23305,1,"NA","Pilbara Marine Conservation Partnership",-22.28816167,113.8023817,20141023,14:35:00,"Osprey.Sanctuary","No-take","NA",8.6,"Derek","Yes","Yes"
"2014-10_Ningaloo.shallow.sanctuaries_stereoBRUVs","NCB325","Scombridae","Scomberomorus","spp",1193.0829,6923.89883,1,"NA","Pilbara Marine Conservation Partnership",-23.084155,113.7292117,20141022,08:13:00,"Maud.Sanctuary","No-take","NA",8.3,"Emma","Yes","Yes"
"2014-10_Ningaloo.shallow.sanctuaries_stereoBRUVs","NCB325","Scombridae","Scomberomorus","spp",1203.57151,6430.78481,1,"NA","Pilbara Marine Conservation Partnership",-23.084155,113.7292117,20141022,08:13:00,"Maud.Sanctuary","No-take","NA",8.3,"Emma","Yes","Yes"
"2014-10_Ningaloo.shallow.sanctuaries_stereoBRUVs","NCB325","Scombridae","Scomberomorus","spp",1159.04926,6568.96205,1,"NA","Pilbara Marine Conservation Partnership",-23.084155,113.7292117,20141022,08:13:00,"Maud.Sanctuary","No-take","NA",8.3,"Emma","Yes","Yes"
"2014-10_Ningaloo.shallow.sanctuaries_stereoBRUVs","NCB325","Scombridae","Scomberomorus","spp",1079.64373,5170.47073,1,"NA","Pilbara Marine Conservation Partnership",-23.084155,113.7292117,20141022,08:13:00,"Maud.Sanctuary","No-take","NA",8.3,"Emma","Yes","Yes"
"2014-10_Ningaloo.shallow.sanctuaries_stereoBRUVs","NCB315","Carcharhinidae","Carcharhinus","amblyrhynchos",1012.11523,8007.89203,1,"NA","Pilbara Marine Conservation Partnership",-22.98854667,113.768815,20141021,15:37:00,"Between.Cloates.and.Maud","Fished","NA",9.7,"Matt","Yes","Yes"
"2014-10_Ningaloo.shallow.sanctuaries_stereoBRUVs","NCB345","Serranidae","Epinephelus","malabaricus",1150.03692,6609.91703,1,"NA","Pilbara Marine Conservation Partnership",-23.402045,113.767255,20141022,14:05:00,"Pelican.Sanctuary","No-take","NA",10.2,"Derek","Yes","Yes"
"2014-10_Ningaloo.shallow.sanctuaries_stereoBRUVs","NCB345","Carcharhinidae","Carcharhinus","amblyrhynchos",1002.10164,5447.67207,1,"NA","Pilbara Marine Conservation Partnership",-23.402045,113.767255,20141022,14:05:00,"Pelican.Sanctuary","No-take","NA",10.2,"Derek","Yes","Yes"
"2014-10_Ningaloo.shallow.sanctuaries_stereoBRUVs","NCB345","Dasyatidae","Taeniurops","meyeni",1206.05416,2445.51307,1,"NA","Pilbara Marine Conservation Partnership",-23.402045,113.767255,20141022,14:05:00,"Pelican.Sanctuary","No-take","NA",10.2,"Derek","Yes","Yes"
"2014-10_Ningaloo.shallow.sanctuaries_stereoBRUVs","NCB299","Carcharhinidae","Carcharhinus","amblyrhynchos",1401.06802,9452.94674,1,"NA","Pilbara Marine Conservation Partnership",-22.69678333,113.63719,20141021,08:24:00,"Cloates.Sanctuary","No-take","NA",12,"Emma","Yes","Yes"
"2014-10_Ningaloo.shallow.sanctuaries_stereoBRUVs","NCB299","Carcharhinidae","Carcharhinus","amblyrhynchos",1260.39314,2675.64908,1,"NA","Pilbara Marine Conservation Partnership",-22.69678333,113.63719,20141021,08:24:00,"Cloates.Sanctuary","No-take","NA",12,"Emma","Yes","Yes"
"2014-10_Ningaloo.shallow.sanctuaries_stereoBRUVs","NCB299","Carcharhinidae","Carcharhinus","amblyrhynchos",1361.35536,6987.37423,1,"NA","Pilbara Marine Conservation Partnership",-22.69678333,113.63719,20141021,08:24:00,"Cloates.Sanctuary","No-take","NA",12,"Emma","Yes","Yes"
"2014-10_Ningaloo.shallow.sanctuaries_stereoBRUVs","NCB373","Scombridae","Scomberomorus","spp",1221.45187,4840.48671,1,"NA","Pilbara Marine Conservation Partnership",-22.34069833,113.7613267,20141023,12:14:00,"Between.Osprey.and.Winderabandi","Fished","NA",9,"Derek","Yes","Yes"
"2014-10_Ningaloo.shallow.sanctuaries_stereoBRUVs","NCB336","Dasyatidae","Taeniurops","meyeni",1154.19655,2635.12919,1,"NA","Pilbara Marine Conservation Partnership",-23.22267667,113.756725,20141022,10:49:00,"Between.Maud.and.Pelican","Fished","NA",10.2,"Emma","Yes","Yes"
"2014-10_Ningaloo.shallow.sanctuaries_stereoBRUVs","NCB369","Scombridae","Scomberomorus","spp",1119.92697,5674.63136,1,"NA","Pilbara Marine Conservation Partnership",-22.37870167,113.742775,20141023,11:07:00,"Between.Osprey.and.Winderabandi","Fished","NA",7.4,"Derek","Yes","Yes"
"2014-10_Ningaloo.shallow.sanctuaries_stereoBRUVs","NCB369","Scombridae","Scomberomorus","spp",1151.37815,5438.96927,1,"NA","Pilbara Marine Conservation Partnership",-22.37870167,113.742775,20141023,11:07:00,"Between.Osprey.and.Winderabandi","Fished","NA",7.4,"Derek","Yes","Yes"
"2014-10_Ningaloo.shallow.sanctuaries_stereoBRUVs","NCB381","Scombridae","Scomberomorus","spp",1117.11851,4411.42795,1,"NA","Pilbara Marine Conservation Partnership",-22.26871667,113.810645,20141023,14:44:00,"Osprey.Sanctuary","No-take","NA",12,"Derek","Yes","Yes"
"2014-10_Ningaloo.shallow.sanctuaries_stereoBRUVs","NCB277","Carcharhinidae","Triaenodon","obesus",1157.87477,3752.1131,1,"NA","Pilbara Marine Conservation Partnership",-22.06770333,113.884665,20141020,13:32:00,"North.Mandu","Fished","NA",10.5,"Emma","Yes","Yes"
"2014-10_Ningaloo.shallow.sanctuaries_stereoBRUVs","NCB323","Carcharhinidae","Carcharhinus","amboinensis",1446.67923,6356.23617,1,"NA","Pilbara Marine Conservation Partnership",-23.07406833,113.73891,20141022,08:04:00,"Maud.Sanctuary","No-take","NA",8.5,"Derek","Yes","Yes"
"2014-10_Ningaloo.shallow.sanctuaries_stereoBRUVs","NCB323","Serranidae","Epinephelus","tukula",1012.49007,2907.41405,1,"NA","Pilbara Marine Conservation Partnership",-23.07406833,113.73891,20141022,08:04:00,"Maud.Sanctuary","No-take","NA",8.5,"Derek","Yes","Yes"
"2014-10_Ningaloo.shallow.sanctuaries_stereoBRUVs","NCB323","Serranidae","Epinephelus","tukula",1344.69386,2000.42389,1,"NA","Pilbara Marine Conservation Partnership",-23.07406833,113.73891,20141022,08:04:00,"Maud.Sanctuary","No-take","NA",8.5,"Derek","Yes","Yes"
"2014-10_Ningaloo.shallow.sanctuaries_stereoBRUVs","NCB339","Carcharhinidae","Carcharhinus","amblyrhynchos",1108.60689,7554.81186,1,"NA","Pilbara Marine Conservation Partnership",-23.30339167,113.7724583,20141022,11:19:00,"Pelican.Sanctuary","No-take","NA",8.7,"Todd","Yes","Yes"
"2014-10_Ningaloo.shallow.sanctuaries_stereoBRUVs","NCB346","Carcharhinidae","Carcharhinus","amblyrhynchos",1022.92333,2741.45672,1,"NA","Pilbara Marine Conservation Partnership",-23.413675,113.7730817,20141022,14:12:00,"Pelican.Sanctuary","No-take","NA",9,"Todd","Yes","Yes"
"2015-01_Montebello.transect_stereoBRUVs","NCB637","Carcharhinidae","Carcharhinus","limbatus",1491.37314,6319.62607,1,"NA","Pilbara Marine Conservation Partnership",-20.352,115.46682,20150118,08:58:00,"N.Montebello.Sanctuary","No-take","NA",29.4,"Katrina","Yes","Yes"
"2015-01_Montebello.transect_stereoBRUVs","NCB625","Dasyatidae","Taeniurops","meyeni",1045.52387,1446.55731,1,"NA","Pilbara Marine Conservation Partnership",-20.352,115.30709,20150117,12:16:00,"Montebello","Fished","NA",23.5,"Katrina","Yes","Yes"
"2015-01_Montebello.transect_stereoBRUVs","NCB649","Carcharhinidae","Carcharhinus","amboinensis",1635.88902,4720.53545,1,"NA","Pilbara Marine Conservation Partnership",-20.264,115.47558,20150118,11:54:00,"Montebello","Fished","NA",42.4,"Katrina","Yes","Yes"
"2015-01_Montebello.transect_stereoBRUVs","NCB681","Rhynchobatidae","Rhynchobatus","australiae",1225.67139,1772.02397,1,"NA","Pilbara Marine Conservation Partnership",-20.338,115.52941,20150119,11:59:00,"N.Montebello.Sanctuary","No-take","NA",36.3,"Derek","Yes","Yes"
"2015-01_Montebello.transect_stereoBRUVs","NCB630","Carcharhinidae","Carcharhinus","plumbeus",1643.78926,6860.52434,1,"NA","Pilbara Marine Conservation Partnership",-20.318,115.29277,20150117,14:29:00,"Montebello","Fished","NA",49.2,"Emma","Yes","Yes"
"2015-01_Montebello.transect_stereoBRUVs","NCB712","Ginglymostomatidae","Nebrius","ferrugineus",1907.11469,2467.83341,1,"NA","Pilbara Marine Conservation Partnership",-20.219,115.35737,20150121,09:09:00,"Montebello","Fished","NA",48,"Katrina","Yes","Yes"
"2015-01_Montebello.transect_stereoBRUVs","NCB621","Carcharhinidae","Carcharhinus","amblyrhynchos",1189.55355,8114.08783,1,"NA","Pilbara Marine Conservation Partnership",-20.373,115.33427,20150117,11:58:00,"Montebello","Fished","NA",28.4,"Matt","Yes","Yes"
"2015-01_Montebello.transect_stereoBRUVs","NCB635","Serranidae","Epinephelus","malabaricus",1117.09893,2370.22407,1,"NA","Pilbara Marine Conservation Partnership",-20.295,115.22048,20150117,15:00:00,"Montebello","Fished","NA",40.1,"Emma","Yes","Yes"
"2015-01_Montebello.transect_stereoBRUVs","NCB624","Ginglymostomatidae","Nebrius","ferrugineus",1907.37982,3829.84773,1,"NA","Pilbara Marine Conservation Partnership",-20.359,115.30805,20150117,12:12:00,"Montebello","Fished","NA",21.6,"Todd","Yes","Yes"
"2015-01_Montebello.transect_stereoBRUVs","NCB697","Carcharhinidae","Carcharhinus","plumbeus",1153.12069,2553.08729,1,"NA","Pilbara Marine Conservation Partnership",-20.454,115.44602,20150120,13:11:00,"S.Montebello.Sanctuary","No-take","NA",33,"Katrina","Yes","Yes"
"2015-01_Montebello.transect_stereoBRUVs","NCB711","Ginglymostomatidae","Nebrius","ferrugineus",1264.08167,2580.64903,1,"NA","Pilbara Marine Conservation Partnership",-20.227,115.35444,20150121,09:05:00,"Montebello","Fished","NA",19.9,"Katrina","Yes","Yes"
"2015-01_Montebello.transect_stereoBRUVs","NCB634","Fistulariidae","Fistularia","commersonii",1072.50706,2523.10368,1,"NA","Pilbara Marine Conservation Partnership",-20.298,115.2249,20150117,14:56:00,"Montebello","Fished","NA",37,"Emma","Yes","Yes"
"2015-01_Montebello.transect_stereoBRUVs","NCB689","Carcharhinidae","Carcharhinus","plumbeus",1343.0226,4008.78018,1,"NA","Pilbara Marine Conservation Partnership",-20.305,115.62764,20150119,15:12:00,"Montebello","Fished","NA",52.7,"Derek","Yes","Yes"
"2015-01_Montebello.transect_stereoBRUVs","NCB655","Carcharhinidae","Carcharhinus","plumbeus",1661.90632,7591.44789,1,"NA","Pilbara Marine Conservation Partnership",-20.216,115.43804,20150118,12:21:00,"Montebello","Fished","NA",39.5,"Katrina","Yes","Yes"
"2015-01_Montebello.transect_stereoBRUVs","NCB614","Carcharhinidae","Carcharhinus","plumbeus",1277.21609,4653.89124,1,"NA","Pilbara Marine Conservation Partnership",-20.394,115.41624,20150117,09:27:00,"Montebello","Fished","NA",28.3,"Matt/Todd","Yes","Yes"
"2015-01_Montebello.transect_stereoBRUVs","NCB606","Scombridae","Scomberomorus","spp",1012.06737,8005.01306,1,"NA","Pilbara Marine Conservation Partnership",-20.408,115.48192,20150117,08:45:00,"Montebello","Fished","NA",25.7,"Emma","Yes","Yes"
"2015-01_Montebello.transect_stereoBRUVs","NCB667","Serranidae","Epinephelus","multinotatus",1246.14016,6903.8291,1,"NA","Pilbara Marine Conservation Partnership",-20.382,115.59217,20150119,08:21:00,"Montebello","Fished","NA",40.8,"Matt","Yes","Yes"
"2015-01_Montebello.transect_stereoBRUVs","NCB617","Mobulidae","Mobula","tarapacana",1197.59196,6567.74171,1,"NA","Pilbara Marine Conservation Partnership",-20.386,115.38707,20150117,11:32:00,"Montebello","Fished","NA",36.9,"Katrina","Yes","Yes"
"2015-01_Montebello.transect_stereoBRUVs","NCB703","Rhynchobatidae","Rhynchobatus","australiae",2275.87843,1797.39113,1,"NA","Pilbara Marine Conservation Partnership",-20.452,115.35879,20150120,13:44:00,"Montebello","Fished","NA",41.6,"Katrina","Yes","Yes"
"2015-01_Montebello.transect_stereoBRUVs","NCB652","Ginglymostomatidae","Nebrius","ferrugineus",2067.44021,4208.62922,1,"NA","Pilbara Marine Conservation Partnership",-20.244,115.452,20150118,12:06:00,"Montebello","Fished","NA",42.4,"Katrina","Yes","Yes"
"2015-01_Montebello.transect_stereoBRUVs","NCB707","Dasyatidae","Taeniurops","meyeni",1574.46435,2529.31318,1,"NA","Pilbara Marine Conservation Partnership",-20.256,115.36375,20150121,08:48:00,"Montebello","Fished","NA",41.3,"Katrina","Yes","Yes"
"2015-01_Montebello.transect_stereoBRUVs","NCB707","Carcharhinidae","Carcharhinus","amblyrhynchos",1224.55177,4076.98761,1,"NA","Pilbara Marine Conservation Partnership",-20.256,115.36375,20150121,08:48:00,"Montebello","Fished","NA",41.3,"Katrina","Yes","Yes"
"2015-01_Montebello.transect_stereoBRUVs","NCB704","Carcharhinidae","Carcharhinus","amblyrhynchos",1040.1425,3000.3774,1,"NA","Pilbara Marine Conservation Partnership",-20.452,115.33738,20150120,13:52:00,"Montebello","Fished","NA",27.7,"Katrina","Yes","Yes"
"2015-01_Montebello.transect_stereoBRUVs","NCB683","Rhinobatidae","Glaucostegus","typus",2250.2722,3463.23843,1,"NA","Pilbara Marine Conservation Partnership",-20.324,115.52499,20150119,12:05:00,"N.Montebello.Sanctuary","No-take","NA",45.9,"Derek","Yes","Yes"
"2015-01_Montebello.transect_stereoBRUVs","NCB628","Ginglymostomatidae","Nebrius","ferrugineus",1943.50936,2015.70974,1,"NA","Pilbara Marine Conservation Partnership",-20.331,115.30622,20150117,14:19:00,"Montebello","Fished","NA",25.4,"Katrina","Yes","Yes"
"2015-01_Montebello.transect_stereoBRUVs","NCB616","Rhynchobatidae","Rhynchobatus","australiae",1137.15546,1945.19651,1,"NA","Pilbara Marine Conservation Partnership",-20.39,115.39678,20150117,11:26:00,"Montebello","Fished","NA",33.1,"Katrina","Yes","Yes"
"2015-01_Montebello.transect_stereoBRUVs","NCB661","Carcharhinidae","Carcharhinus","plumbeus",1375.32164,2683.43668,1,"NA","Pilbara Marine Conservation Partnership",-20.181,115.40126,20150118,14:46:00,"Montebello","Fished","NA",45.8,"Todd","Yes","Yes"
"2015-01_Montebello.transect_stereoBRUVs","NCB665","Carcharhinidae","Negaprion","acutidens",2153.32602,4967.95607,1,"NA","Pilbara Marine Conservation Partnership",-20.151,115.37592,20150118,15:04:00,"Montebello","Fished","NA",52.5,"Todd","Yes","Yes"
"2015-01_Montebello.transect_stereoBRUVs","NCB633","Rhynchobatidae","Rhynchobatus","australiae",2884.7122,4643.34196,1,"NA","Pilbara Marine Conservation Partnership",-20.305,115.24854,20150117,14:47:00,"Montebello","Fished","NA",57,"Emma","Yes","Yes"
"2015-01_Montebello.transect_stereoBRUVs","NCB623","Serranidae","Epinephelus","tukula",1195.93352,5365.14543,1,"NA","Pilbara Marine Conservation Partnership",-20.363,115.31109,20150117,12:09:00,"Montebello","Fished","NA",31.5,"Katrina","Yes","Yes"
"2015-01_Montebello.transect_stereoBRUVs","NCB709","Carcharhinidae","Carcharhinus","amblyrhynchos",1262.89225,9503.49117,1,"NA","Pilbara Marine Conservation Partnership",-20.242,115.35425,20150121,08:56:00,"Montebello","Fished","NA",25.4,"Katrina","Yes","Yes"
"2015-01_Montebello.transect_stereoBRUVs","NCB657","Serranidae","Epinephelus","tukula",1289.14275,2312.22745,1,"NA","Pilbara Marine Conservation Partnership",-20.211,115.40549,20150118,14:32:00,"Montebello","Fished","NA",34.6,"Todd","Yes","Yes"
"2015-01_Montebello.transect_stereoBRUVs","NCB701","Rhynchobatidae","Rhynchobatus","australiae",2681.66812,4129.6103,1,"NA","Pilbara Marine Conservation Partnership",-20.452,115.39525,20150120,13:30:00,"Montebello","Fished","NA",39.2,"Katrina","Yes","Yes"
"2015-09_Dampier.Archipelago_stereoBRUVs","NCB1513","Rhinobatidae","Glaucostegus","typus",2254.35154,3766.27327,1,"NA","Pilbara Marine Conservation Partnership",-20.7089,116.3905,20150912,09:43:00,"Eaglehawk","Fished","NA",7.4,"Leah Candland","Yes","Yes"
"2015-09_Dampier.Archipelago_stereoBRUVs","NCB1553","Carcharhinidae","Negaprion","acutidens",1797.33072,4840.9663,1,"NA","Pilbara Marine Conservation Partnership",-20.4612,116.6574,20150913,12:38:00,"Rosemary","Fished","NA",6.3,"Alex McLennan","Yes","Yes"
"2015-09_Dampier.Archipelago_stereoBRUVs","MNCB356","Carcharhinidae","Triaenodon","obesus",1024.32598,3242.143,1,"NA","Pilbara Marine Conservation Partnership",-20.5744,116.5665,20150913,16:31:00,"Enderby","Fished","NA",3,"Leah Candland","Yes","Yes"
"2015-09_Dampier.Archipelago_stereoBRUVs","NCB1522","Carcharhinidae","Negaprion","acutidens",2036.69177,4069.44305,1,"NA","Pilbara Marine Conservation Partnership",-20.6723,116.4303,20150912,12:32:00,"Eaglehawk","Fished","NA",6.5,"Leah Candland","Yes","Yes"
"2015-09_Dampier.Archipelago_stereoBRUVs","NCB1522","Carcharhinidae","Galeocerdo","cuvier",1797.9604,5234.62866,1,"NA","Pilbara Marine Conservation Partnership",-20.6723,116.4303,20150912,12:32:00,"Eaglehawk","Fished","NA",6.5,"Leah Candland","Yes","Yes"
"2015-09_Dampier.Archipelago_stereoBRUVs","NCB1522","Stegostomatidae","Stegostoma","fasciatum",1005.02089,5087.55341,1,"NA","Pilbara Marine Conservation Partnership",-20.6723,116.4303,20150912,12:32:00,"Eaglehawk","Fished","NA",6.5,"Leah Candland","Yes","Yes"
"2015-09_Dampier.Archipelago_stereoBRUVs","NCB1550","Carcharhinidae","Negaprion","acutidens",1971.72485,6712.46622,1,"NA","Pilbara Marine Conservation Partnership",-20.4704,116.629,20150913,12:11:00,"Rosemary","Fished","NA",4.1,"Alex McLennan","Yes","Yes"
"2015-09_Dampier.Archipelago_stereoBRUVs","MNCB334","Carcharhinidae","Negaprion","acutidens",1419.77953,2355.42591,1,"NA","Pilbara Marine Conservation Partnership",-20.6199,116.5244,20150912,13:49:00,"Enderby","Fished","NA",2.6,"Leah Candland","Yes","Yes"
"2015-09_Dampier.Archipelago_stereoBRUVs","NCB1546","Rhynchobatidae","Rhynchobatus","australiae",1708.45944,3153.29096,1,"NA","Pilbara Marine Conservation Partnership",-20.4965,116.6019,20150913,11:34:00,"Rosemary","Fished","NA",5,"Matilda Martin","Yes","Yes"
"2015-09_Dampier.Archipelago_stereoBRUVs","NCB1552","Carcharhinidae","Negaprion","acutidens",1889.20711,4212.80438,1,"NA","Pilbara Marine Conservation Partnership",-20.4654,116.6485,20150913,12:28:00,"Rosemary","Fished","NA",5.8,"Leah Candland","Yes","Yes"
"2015-09_Dampier.Archipelago_stereoBRUVs","NCB1508","Rachycentridae","Rachycentron","canadum",1019.60927,2502.47857,1,"NA","Pilbara Marine Conservation Partnership",-20.6561,116.4113,20150912,08:58:00,"Eaglehawk","Fished","NA",7,"Leah Candland","Yes","Yes"
"2015-09_Dampier.Archipelago_stereoBRUVs","NCB1521","Myliobatidae","Aetobatus","ocellatus",1040.38057,5739.48791,1,"NA","Pilbara Marine Conservation Partnership",-20.6698,116.4194,20150912,12:25:00,"Eaglehawk","Fished","NA",6.4,"Leah Candland","Yes","Yes"
"2015-09_Dampier.transect_stereoBRUVs","NCB1470","Carcharhinidae","Carcharhinus","plumbeus",1049.55332,2288.34918,1,"NA","Pilbara Marine Conservation Partnership",-20.1901,116.4077,20150911,08:14:00,"Dampier.Offshore","Fished","NA",52.6,"Michael Taylor","Yes","Yes"
"2015-09_Dampier.transect_stereoBRUVs","NCB1492","Sphyraenidae","Sphyraena","barracuda",1207.39761,4666.69007,1,"NA","Pilbara Marine Conservation Partnership",-20.0625,116.4193,20150911,12:54:00,"Dampier.Offshore","Fished","NA",51.5,"Michael Taylor","Yes","Yes"
"2015-09_Dampier.transect_stereoBRUVs","NCB1493","Sphyraenidae","Sphyraena","barracuda",1034.56891,5714.07409,1,"NA","Pilbara Marine Conservation Partnership",-20.0572,116.4162,20150911,12:58:00,"Dampier.Offshore","Fished","NA",52.5,"Michael Taylor","Yes","Yes"
"2015-09_Dampier.transect_stereoBRUVs","NCB1478","Rhynchobatidae","Rhynchobatus","australiae",2124.30099,4957.84547,1,"NA","Pilbara Marine Conservation Partnership",-20.1187,116.3747,20150911,10:20:00,"Dampier.Offshore","Fished","NA",56.4,"Michael Taylor","Yes","Yes"
"2015-09_Dampier.transect_stereoBRUVs","NCB1472","Rhynchobatidae","Rhynchobatus","australiae",1088.26033,1785.28073,1,"NA","Pilbara Marine Conservation Partnership",-20.1737,116.3953,20150911,08:23:00,"Dampier.Offshore","Fished","NA",53.8,"Michael Taylor","Yes","Yes"
"2015-09_Dampier.transect_stereoBRUVs","NCB1462","Carcharhinidae","Carcharhinus","plumbeus",1403.70826,4649.69642,1,"NA","Pilbara Marine Conservation Partnership",-20.2624,116.4535,20150910,14:59:00,"Dampier.Offshore","Fished","NA",45.9,"Michael Taylor","Yes","Yes"
"2015-09_Dampier.transect_stereoBRUVs","NCB1502","Rhynchobatidae","Rhynchobatus","australiae",2381.38111,3102.38191,1,"NA","Pilbara Marine Conservation Partnership",-20.1856,116.3334,20150911,15:51:00,"Dampier.Offshore","Fished","NA",51.8,"Michael Taylor","Yes","Yes"
"2015-09_Dampier.transect_stereoBRUVs","NCB1465","Carcharhinidae","Carcharhinus","plumbeus",1077.08173,2081.38117,1,"NA","Pilbara Marine Conservation Partnership",-20.2333,116.4375,20150910,15:15:00,"Dampier.Offshore","Fished","NA",47.4,"Michael Taylor","Yes","Yes"
"2015-09_Dampier.transect_stereoBRUVs","NCB1490","Carcharhinidae","Carcharhinus","plumbeus",1265.01773,2068.85324,1,"NA","Pilbara Marine Conservation Partnership",-20.0659,116.4281,20150911,12:48:00,"Dampier.Offshore","Fished","NA",54.3,"Michael Taylor","Yes","Yes"
"2015-09_Dampier.transect_stereoBRUVs","NCB1474","Rhynchobatidae","Rhynchobatus","australiae",2079.75931,1931.89541,1,"NA","Pilbara Marine Conservation Partnership",-20.1574,116.3835,20150911,08:33:00,"Dampier.Offshore","Fished","NA",53.5,"Michael Taylor","Yes","Yes"
"2015-09_Dampier.transect_stereoBRUVs","NCB1498","Carcharhinidae","Carcharhinus","plumbeus",1091.05823,4798.11151,1,"NA","Pilbara Marine Conservation Partnership",-20.1302,116.3535,20150911,15:15:00,"Dampier.Offshore","Fished","NA",54.7,"Michael Taylor","Yes","Yes"
"2015-09_Dampier.transect_stereoBRUVs","NCB1535","Rhynchobatidae","Rhynchobatus","australiae",1414.9085,1864.06289,1,"NA","Pilbara Marine Conservation Partnership",-20.4633,116.5557,20150913,08:19:00,"Dampier.Offshore","Fished","NA",21.9,"Michael Taylor","Yes","Yes"
"2015-09_Dampier.transect_stereoBRUVs","NCB1466","Carcharhinidae","Carcharhinus","plumbeus",1312.01725,4226.39123,1,"NA","Pilbara Marine Conservation Partnership",-20.2266,116.4278,20150911,07:56:00,"Dampier.Offshore","Fished","NA",49.8,"Michael Taylor","Yes","Yes"
"2015-09_Dampier.transect_stereoBRUVs","NCB1466","Rhinobatidae","Glaucostegus","typus",2246.27165,4513.72108,1,"NA","Pilbara Marine Conservation Partnership",-20.2266,116.4278,20150911,07:56:00,"Dampier.Offshore","Fished","NA",49.8,"Michael Taylor","Yes","Yes"
"2015-09_Dampier.transect_stereoBRUVs","NCB1504","Rhynchobatidae","Rhynchobatus","australiae",2280.09787,4412.91433,1,"NA","Pilbara Marine Conservation Partnership",-20.1966,116.3491,20150911,15:59:00,"Dampier.Offshore","Fished","NA",51.1,"Michael Taylor","Yes","Yes"
"2015-09_Dampier.transect_stereoBRUVs","NCB1503","Carcharhinidae","Carcharhinus","plumbeus",1421.79214,5930.94545,1,"NA","Pilbara Marine Conservation Partnership",-20.1914,116.3415,20150911,15:55:00,"Dampier.Offshore","Fished","NA",51.4,"Michael Taylor","Yes","Yes"
"2015-09_Dampier.transect_stereoBRUVs","NCB1468","Carcharhinidae","Carcharhinus","plumbeus",1256.88396,1176.52461,1,"NA","Pilbara Marine Conservation Partnership",-20.2066,116.4211,20150911,08:05:00,"Dampier.Offshore","Fished","NA",51.5,"Michael Taylor","Yes","Yes"
"2015-09_Dampier.transect_stereoBRUVs","NCB1486","Carangidae","Carangoides","fulvoguttatus",1058.58887,4120.95064,1,"NA","Pilbara Marine Conservation Partnership",-20.0919,116.3913,20150911,12:13:00,"Dampier.Offshore","Fished","NA",54.8,"Michael Taylor","Yes","Yes"
"2015-09_Dampier.transect_stereoBRUVs","NCB1469","Carcharhinidae","Carcharhinus","plumbeus",1227.06185,6840.9725,1,"NA","Pilbara Marine Conservation Partnership",-20.1991,116.4147,20150911,08:09:00,"Dampier.Offshore","Fished","NA",51.8,"Michael Taylor","Yes","Yes"
"2015-09_Dampier.transect_stereoBRUVs","NCB1453","Sphyrnidae","Sphyrna","mokarran",1536.60068,1947.91402,1,"NA","Pilbara Marine Conservation Partnership",-20.3528,116.4711,20150910,12:44:00,"Dampier.Offshore","Fished","NA",42.5,"Michael Taylor","Yes","Yes"
"2015-09_Exmouth.Gulf_stereoBRUVs","NCB1313","Rhinobatidae","Glaucostegus","typus",1904.70831,2492.45686,1,"NA","Pilbara Marine Conservation Partnership",-22.4549,114.1796,20150831,09:18:00,"South.Exmouth.Gulf","Fished","NA",2.8,"Ross Gillis","Yes","Yes"
"2015-09_Exmouth.Gulf_stereoBRUVs","NCB1357","Elopidae","Elops","hawaiensis",1041.79776,1706.69139,1,"NA","Pilbara Marine Conservation Partnership",-22.0688,114.4224,20150902,08:45:00,"East.Exmouth.Gulf","Fished","NA",6,"Ross Gillis","Yes","Yes"
"2015-09_Exmouth.Gulf_stereoBRUVs","NCB1283","Elopidae","Elops","hawaiensis",1006.68781,2984.68242,1,"NA","Pilbara Marine Conservation Partnership",-22.3081,114.1901,20150830,09:38:00,"South.Exmouth.Gulf","Fished","NA",5.9,"Ross Gillis","Yes","Yes"
"2015-09_Exmouth.Gulf_stereoBRUVs","NCB1309","Dasyatidae","Himantura","uarnak",1127.17615,1182.633,1,"NA","Pilbara Marine Conservation Partnership",-22.4339,114.1952,20150831,08:54:00,"South.Exmouth.Gulf","Fished","NA",6.1,"Ross Gillis","Yes","Yes"
"2015-09_Exmouth.Gulf_stereoBRUVs","NCB1345","Dasyatidae","Himantura","fai",1224.98183,2970.2882,1,"NA","Pilbara Marine Conservation Partnership",-22.109,114.4978,20150901,12:47:00,"East.Exmouth.Gulf","Fished","NA",5.4,"Ross Gillis","Yes","Yes"
"2015-09_Exmouth.Gulf_stereoBRUVs","NCB1350","Elopidae","Elops","hawaiensis",1077.29264,1987.29958,1,"NA","Pilbara Marine Conservation Partnership",-22.0848,114.5079,20150901,15:23:00,"East.Exmouth.Gulf","Fished","NA",3.3,"Ross Gillis","Yes","Yes"
"2015-09_Exmouth.Gulf_stereoBRUVs","MNCB208","Scombridae","Scomberomorus","spp",1023.98676,3924.02811,1,"NA","Pilbara Marine Conservation Partnership",-21.8675,114.1612,20150829,12:09:00,"West.Exmouth.Gulf","No-take","NA",8,"Ross Gillis","Yes","Yes"
"2015-09_Exmouth.Gulf_stereoBRUVs","NCB1316","Carcharhinidae","Galeocerdo","cuvier",2161.89605,3109.5385,1,"NA","Pilbara Marine Conservation Partnership",-22.449,114.1791,20150831,11:28:00,"South.Exmouth.Gulf","Fished","NA",3,"Ross Gillis","Yes","Yes"
"2015-09_Exmouth.Gulf_stereoBRUVs","MNCB213","Carcharhinidae","Carcharhinus","plumbeus",1503.07115,3496.61661,1,"NA","Pilbara Marine Conservation Partnership",-21.89,114.1595,20150829,14:08:00,"West.Exmouth.Gulf","Fished","NA",9,"Ross Gillis","Yes","Yes"
"2015-09_Exmouth.Gulf_stereoBRUVs","NCB1344","Sphyrnidae","Sphyrna","mokarran",1995.77856,3127.78565,1,"NA","Pilbara Marine Conservation Partnership",-22.1143,114.4947,20150901,12:42:00,"East.Exmouth.Gulf","Fished","NA",5.3,"Ross Gillis","Yes","Yes"
"2015-09_Exmouth.Gulf_stereoBRUVs","MNCB225","Carcharhinidae","Galeocerdo","cuvier",2008.63531,1716.47979,1,"NA","Pilbara Marine Conservation Partnership",-22.3035,114.1792,20150830,11:06:00,"South.Exmouth.Gulf","Fished","NA",2.1,"Ross Gillis","Yes","Yes"
"2015-09_Exmouth.Gulf_stereoBRUVs","NCB1323","Carcharhinidae","Galeocerdo","cuvier",1955.05281,1710.32099,1,"NA","Pilbara Marine Conservation Partnership",-22.416,114.17,20150831,12:00:00,"South.Exmouth.Gulf","Fished","NA",3.8,"Ross Gillis","Yes","Yes"
"2015-09_Exmouth.Gulf_stereoBRUVs","MNCB247","Carcharhinidae","Galeocerdo","cuvier",2013.20606,1790.01042,1,"NA","Pilbara Marine Conservation Partnership",-22.3772,114.1535,20150831,12:23:00,"South.Exmouth.Gulf","Fished","NA",2.5,"Ross Gillis","Yes","Yes"
"2015-09_Exmouth.Gulf_stereoBRUVs","NCB1276","Carcharhinidae","Galeocerdo","cuvier",1739.66883,2508.26395,1,"NA","Pilbara Marine Conservation Partnership",-22.2909,114.1566,20150830,08:52:00,"South.Exmouth.Gulf","Fished","NA",5.8,"Ross Gillis","Yes","Yes"
"2015-09_Exmouth.Gulf_stereoBRUVs","NCB1294","Elopidae","Elops","hawaiensis",1117.79621,2477.45721,1,"NA","Pilbara Marine Conservation Partnership",-22.3568,114.2074,20150830,12:16:00,"South.Exmouth.Gulf","Fished","NA",5.6,"Matt Birt","Yes","Yes"
"2015-09_Exmouth.Gulf_stereoBRUVs","NCB1308","Dasyatidae","Himantura","uarnak",1200.28327,1785.12555,1,"NA","Pilbara Marine Conservation Partnership",-22.4282,114.1979,20150831,08:49:00,"South.Exmouth.Gulf","Fished","NA",6.4,"Ross Gillis","Yes","Yes"
"2015-09_Exmouth.Gulf_stereoBRUVs","NCB1308","Rhinobatidae","Glaucostegus","typus",2059.38155,2553.18829,1,"NA","Pilbara Marine Conservation Partnership",-22.4282,114.1979,20150831,08:49:00,"South.Exmouth.Gulf","Fished","NA",6.4,"Ross Gillis","Yes","Yes"
"2015-09_Exmouth.Gulf_stereoBRUVs","NCB1295","Elopidae","Elops","hawaiensis",1047.37519,1783.15833,1,"NA","Pilbara Marine Conservation Partnership",-22.3616,114.2071,20150830,14:22:00,"South.Exmouth.Gulf","Fished","NA",4.7,"Ross Gillis","Yes","Yes"
"2015-09_Exmouth.Gulf_stereoBRUVs","NCB1296","Carcharhinidae","Carcharhinus","plumbeus",1200.07016,1723.59718,1,"NA","Pilbara Marine Conservation Partnership",-22.3665,114.2069,20150830,14:28:00,"South.Exmouth.Gulf","Fished","NA",5.5,"Ross Gillis","Yes","Yes"
"2015-09_Exmouth.Gulf_stereoBRUVs","NCB1311","Dasyatidae","Himantura","uarnak",1083.56333,1855.55267,1,"NA","Pilbara Marine Conservation Partnership",-22.4443,114.1874,20150831,09:06:00,"South.Exmouth.Gulf","Fished","NA",3.5,"Ross Gillis","Yes","Yes"
"2015-09_Exmouth.Gulf_stereoBRUVs","NCB1317","Elopidae","Elops","hawaiensis",1128.86986,3083.02225,1,"NA","Pilbara Marine Conservation Partnership",-22.4445,114.1809,20150831,11:32:00,"South.Exmouth.Gulf","Fished","NA",2.8,"Ross Gillis","Yes","Yes"
"2015-09_Exmouth.Gulf_stereoBRUVs","MNCB203","Carcharhinidae","Galeocerdo","cuvier",2106.55094,1945.32381,1,"NA","Pilbara Marine Conservation Partnership",-21.8524,114.1796,20150829,10:24:00,"West.Exmouth.Gulf","Fished","NA",9.2,"Ross Gillis","Yes","Yes"
"2015-09_Exmouth.Gulf_stereoBRUVs","MNCB233","Carcharhinidae","Galeocerdo","cuvier",1953.69165,2230.37317,1,"NA","Pilbara Marine Conservation Partnership",-22.3456,114.1884,20150830,14:03:00,"South.Exmouth.Gulf","Fished","NA",2,"Ross Gillis","Yes","Yes"
"2015-09_Exmouth.Gulf_stereoBRUVs","NCB1280","Rachycentridae","Rachycentron","canadum",1488.60807,3629.56664,1,"NA","Pilbara Marine Conservation Partnership",-22.2963,114.1775,20150830,09:20:00,"South.Exmouth.Gulf","Fished","NA",5.6,"Todd Bond","Yes","Yes"
"2015-09_Exmouth.Gulf_stereoBRUVs","NCB1280","Rachycentridae","Rachycentron","canadum",1229.77523,3656.92159,1,"NA","Pilbara Marine Conservation Partnership",-22.2963,114.1775,20150830,09:20:00,"South.Exmouth.Gulf","Fished","NA",5.6,"Todd Bond","Yes","Yes"
"2015-09_Exmouth.Gulf_stereoBRUVs","NCB1280","Carcharhinidae","Galeocerdo","cuvier",1818.49074,1410.06445,1,"NA","Pilbara Marine Conservation Partnership",-22.2963,114.1775,20150830,09:20:00,"South.Exmouth.Gulf","Fished","NA",5.6,"Todd Bond","Yes","Yes"
"2015-09_Exmouth.Gulf_stereoBRUVs","NCB1293","Elopidae","Elops","hawaiensis",1108.9026,2559.45605,1,"NA","Pilbara Marine Conservation Partnership",-22.3522,114.2073,20150830,12:11:00,"South.Exmouth.Gulf","Fished","NA",7.3,"Matt Birt","Yes","Yes"
"2015-09_Exmouth.Gulf_stereoBRUVs","MNCB258","Carcharhinidae","Carcharhinus","limbatus",1002.94975,2429.39894,1,"NA","Pilbara Marine Conservation Partnership",-22.0951,114.5132,20150901,12:31:00,"East.Exmouth.Gulf","Fished","NA",1.6,"Ross Gillis","Yes","Yes"
"2015-09_Exmouth.Gulf_stereoBRUVs","NCB1300","Rhynchobatidae","Rhynchobatus","australiae",1133.01048,1492.73747,1,"NA","Pilbara Marine Conservation Partnership",-22.3866,114.2062,20150830,14:47:00,"South.Exmouth.Gulf","Fished","NA",6.9,"Ross Gillis","Yes","Yes"
"2015-09_Mackerel.Islands.shallow_stereoBRUVs","MNCB318","Carcharhinidae","Carcharhinus","sp10",1108.69852,5187.17819,1,"NA","Pilbara Marine Conservation Partnership",-21.3265,115.1682,20150907,14:06:00,"Airlie","Fished","Airlie",3.7,"Molly Moustaka","Yes","Yes"
"2015-09_Mackerel.Islands.shallow_stereoBRUVs","NCB1436","Rhynchobatidae","Rhynchobatus","australiae",1202.85996,1630.28656,1,"NA","Pilbara Marine Conservation Partnership",-21.5465,115.0811,20150906,15:34:00,"Gorgon","Fished","Gorgon",10.8,"Molly Moustaka","Yes","Yes"
